Day,Time,Event,len(Queue)
1,11:09,Student 97 arrives Art Fair,NA
1,11:10,Student 16 arrives Art Fair,NA
1,11:12,Student 35 arrives Art Fair,NA
1,11:12,Student 79 arrives Art Fair,NA
1,11:13,Student 97 arrives at booth 8,1
1,11:14,Student 16 arrives at booth 8,1
1,11:14,Student 91 arrives Art Fair,NA
1,11:15,Student 79 arrives at booth 5,1
1,11:17,Student 35 arrives at booth 10,1
1,11:17,Student 91 arrives at booth 6,1
1,11:17,Student 97 departs at booth 8,1
1,11:18,Student 64 arrives Art Fair,NA
1,11:19,Student 97 arrives at booth 11,1
1,11:19,Student 79 departs at booth 5,0
1,11:19,Student 35 departs at booth 10,0
1,11:20,Student 64 arrives at booth 3,1
1,11:20,Student 97 departs at booth 11,0
1,11:20,Student 97 arrives at booth 12,1
1,11:21,Student 16 departs at booth 8,0
1,11:22,Student 35 arrives at booth 15,1
1,11:22,Student 79 arrives at booth 12,1
1,11:22,Student 64 departs at booth 3,0
1,11:22,Student 91 departs at booth 6,0
1,11:23,Student 16 arrives at booth 11,1
1,11:23,Student 64 arrives at booth 5,1
1,11:24,Student 91 arrives at booth 10,1
1,11:24,Student 16 departs at booth 11,0
1,11:26,Student 16 arrives at booth 16,1
1,11:26,Student 91 departs at booth 10,0
1,11:27,Student 91 arrives at booth 11,1
1,11:27,Student 64 departs at booth 5,0
1,11:27,Student 97 departs at booth 12,1
1,11:27,Student 64 arrives at booth 6,1
1,11:28,Student 91 departs at booth 11,0
1,11:28,Student 16 departs at booth 16,0
1,11:29,Student 55 arrives Art Fair,NA
1,11:30,Student 16 arrives at booth 19,1
1,11:30,Student 45 arrives Art Fair,NA
1,11:30,Student 91 arrives at booth 15,1
1,11:31,Student 45 arrives at booth 2,1
1,11:31,Student 55 arrives at booth 3,1
1,11:32,Student 97 departs Art Fair,NA
1,11:32,Student 64 departs at booth 6,0
1,11:32,Student 35 departs at booth 15,1
1,11:33,Student 35 arrives at booth 17,1
1,11:33,Student 64 arrives at booth 7,1
1,11:33,Student 55 departs at booth 3,0
1,11:33,Student 55 arrives at booth 4,1
1,11:34,Student 79 departs at booth 12,0
1,11:35,Student 16 departs at booth 19,0
1,11:36,Student 16 departs Art Fair,NA
1,11:36,Student 35 departs at booth 17,0
1,11:37,Student 35 arrives at booth 19,1
1,11:37,Student 79 arrives at booth 18,1
1,11:39,Student 17 arrives Art Fair,NA
1,11:39,Student 79 departs at booth 18,0
1,11:41,Student 79 departs Art Fair,NA
1,11:41,Student 45 departs at booth 2,0
1,11:41,Student 64 departs at booth 7,0
1,11:42,Student 91 departs at booth 15,0
1,11:42,Student 35 departs at booth 19,0
1,11:43,Student 3 arrives Art Fair,NA
1,11:43,Student 17 arrives at booth 7,1
1,11:43,Student 35 departs Art Fair,NA
1,11:43,Student 45 arrives at booth 5,1
1,11:43,Student 64 arrives at booth 11,1
1,11:43,Student 55 departs at booth 4,0
1,11:44,Student 91 arrives at booth 19,1
1,11:44,Student 64 departs at booth 11,0
1,11:45,Student 55 arrives at booth 8,1
1,11:47,Student 100 arrives Art Fair,NA
1,11:47,Student 45 departs at booth 5,0
1,11:47,Student 45 arrives at booth 6,1
1,11:48,Student 3 arrives at booth 9,1
1,11:48,Student 64 arrives at booth 20,1
1,11:48,Student 78 arrives Art Fair,NA
1,11:49,Student 77 arrives Art Fair,NA
1,11:49,Student 100 arrives at booth 4,1
1,11:49,Student 55 departs at booth 8,0
1,11:49,Student 91 departs at booth 19,0
1,11:49,Student 91 arrives at booth 20,1
1,11:50,Student 3 departs at booth 9,0
1,11:51,Student 3 arrives at booth 12,1
1,11:51,Student 55 arrives at booth 11,1
1,11:51,Student 78 arrives at booth 6,1
1,11:51,Student 17 departs at booth 7,0
1,11:52,Student 17 arrives at booth 10,1
1,11:52,Student 77 arrives at booth 5,1
1,11:52,Student 84 arrives Art Fair,NA
1,11:52,Student 45 departs at booth 6,1
1,11:52,Student 55 departs at booth 11,0
1,11:53,Student 64 departs at booth 20,1
1,11:54,Student 45 arrives at booth 10,1
1,11:54,Student 64 departs Art Fair,NA
1,11:54,Student 84 arrives at booth 3,1
1,11:54,Student 17 departs at booth 10,1
1,11:55,Student 71 arrives Art Fair,NA
1,11:56,Student 17 arrives at booth 14,1
1,11:56,Student 84 departs at booth 3,0
1,11:56,Student 77 departs at booth 5,0
1,11:56,Student 45 departs at booth 10,0
1,11:56,Student 77 arrives at booth 6,1
1,11:57,Student 55 departs Art Fair,NA
1,11:57,Student 71 arrives at booth 4,1
1,11:57,Student 78 departs at booth 6,1
1,11:57,Student 17 departs at booth 14,0
1,11:58,Student 17 arrives at booth 16,1
1,11:58,Student 3 departs at booth 12,0
1,11:58,Student 91 departs at booth 20,0
1,11:59,Student 78 arrives at booth 9,1
1,11:59,Student 91 departs Art Fair,NA
1,11:59,Student 100 departs at booth 4,1
1,12:00,Student 53 arrives Art Fair,NA
1,12:00,Student 84 arrives at booth 12,1
1,12:00,Student 100 arrives at booth 5,1
1,12:00,Student 17 departs at booth 16,0
1,12:01,Student 3 arrives at booth 17,1
1,12:01,Student 45 departs Art Fair,NA
1,12:01,Student 86 arrives Art Fair,NA
1,12:01,Student 78 departs at booth 9,0
1,12:02,Student 78 arrives at booth 12,1
1,12:02,Student 77 departs at booth 6,0
1,12:03,Student 17 departs Art Fair,NA
1,12:04,Student 47 arrives Art Fair,NA
1,12:04,Student 53 arrives at booth 7,1
1,12:04,Student 77 arrives at booth 10,1
1,12:04,Student 86 arrives at booth 6,1
1,12:04,Student 100 departs at booth 5,0
1,12:04,Student 3 departs at booth 17,0
1,12:04,Student 3 arrives at booth 18,1
1,12:05,Student 47 arrives at booth 2,1
1,12:06,Student 89 arrives Art Fair,NA
1,12:06,Student 77 departs at booth 10,0
1,12:06,Student 3 departs at booth 18,0
1,12:07,Student 84 departs at booth 12,1
1,12:08,Student 3 departs Art Fair,NA
1,12:09,Student 81 arrives Art Fair,NA
1,12:09,Student 89 arrives at booth 5,1
1,12:09,Student 98 arrives Art Fair,NA
1,12:09,Student 100 arrives at booth 15,1
1,12:09,Student 71 departs at booth 4,0
1,12:09,Student 86 departs at booth 6,0
1,12:10,Student 81 arrives at booth 2,1
1,12:10,Student 86 arrives at booth 7,1
1,12:11,Student 77 arrives at booth 20,1
1,12:11,Student 84 arrives at booth 20,2
1,12:12,Student 53 departs at booth 7,1
1,12:13,Student 71 arrives at booth 12,1
1,12:13,Student 98 arrives at booth 7,1
1,12:13,Student 89 departs at booth 5,0
1,12:14,Student 78 departs at booth 12,1
1,12:15,Student 89 arrives at booth 10,1
1,12:15,Student 47 departs at booth 2,1
1,12:16,Student 47 arrives at booth 3,1
1,12:16,Student 77 departs at booth 20,1
1,12:17,Student 53 arrives at booth 17,1
1,12:17,Student 77 departs Art Fair,NA
1,12:17,Student 78 arrives at booth 18,1
1,12:17,Student 89 departs at booth 10,0
1,12:18,Student 89 arrives at booth 12,1
1,12:18,Student 47 departs at booth 3,0
1,12:18,Student 47 arrives at booth 4,1
1,12:19,Student 100 departs at booth 15,0
1,12:19,Student 78 departs at booth 18,0
1,12:20,Student 78 arrives at booth 19,1
1,12:20,Student 86 departs at booth 7,1
1,12:20,Student 53 departs at booth 17,0
1,12:21,Student 53 arrives at booth 19,1
1,12:21,Student 71 departs at booth 12,1
1,12:21,Student 84 departs at booth 20,0
1,12:22,Student 71 arrives at booth 13,1
1,12:22,Student 84 departs Art Fair,NA
1,12:22,Student 100 departs Art Fair,NA
1,12:25,Student 86 arrives at booth 17,1
1,12:25,Student 81 departs at booth 2,0
1,12:25,Student 71 departs at booth 13,0
1,12:25,Student 78 departs at booth 19,1
1,12:25,Student 78 arrives at booth 20,1
1,12:26,Student 52 arrives Art Fair,NA
1,12:26,Student 81 arrives at booth 3,1
1,12:27,Student 52 arrives at booth 1,1
1,12:27,Student 71 arrives at booth 18,1
1,12:28,Student 81 departs at booth 3,0
1,12:28,Student 47 departs at booth 4,0
1,12:28,Student 98 departs at booth 7,0
1,12:28,Student 89 departs at booth 12,0
1,12:28,Student 86 departs at booth 17,0
1,12:28,Student 86 arrives at booth 18,1
1,12:29,Student 81 arrives at booth 5,1
1,12:29,Student 89 arrives at booth 14,1
1,12:29,Student 52 departs at booth 1,0
1,12:29,Student 71 departs at booth 18,1
1,12:30,Student 71 arrives at booth 20,1
1,12:30,Student 90 arrives Art Fair,NA
1,12:30,Student 98 arrives at booth 12,1
1,12:30,Student 89 departs at booth 14,0
1,12:30,Student 53 departs at booth 19,0
1,12:30,Student 78 departs at booth 20,1
1,12:31,Student 47 arrives at booth 9,1
1,12:31,Student 52 arrives at booth 6,1
1,12:31,Student 53 departs Art Fair,NA
1,12:31,Student 78 departs Art Fair,NA
1,12:31,Student 86 departs at booth 18,0
1,12:32,Student 89 arrives at booth 18,1
1,12:33,Student 86 departs Art Fair,NA
1,12:33,Student 90 arrives at booth 6,1
1,12:33,Student 81 departs at booth 5,0
1,12:33,Student 47 departs at booth 9,0
1,12:33,Student 47 arrives at booth 10,1
1,12:34,Student 89 departs at booth 18,0
1,12:35,Student 89 arrives at booth 19,1
1,12:35,Student 47 departs at booth 10,0
1,12:35,Student 71 departs at booth 20,0
1,12:36,Student 71 departs Art Fair,NA
1,12:36,Student 52 departs at booth 6,1
1,12:37,Student 98 departs at booth 12,0
1,12:38,Student 98 arrives at booth 14,1
1,12:39,Student 81 arrives at booth 18,1
1,12:39,Student 98 departs at booth 14,0
1,12:40,Student 47 departs Art Fair,NA
1,12:40,Student 98 arrives at booth 16,1
1,12:40,Student 89 departs at booth 19,0
1,12:41,Student 52 arrives at booth 15,1
1,12:41,Student 89 departs Art Fair,NA
1,12:41,Student 90 departs at booth 6,0
1,12:41,Student 81 departs at booth 18,0
1,12:42,Student 81 arrives at booth 20,1
1,12:42,Student 98 departs at booth 16,0
1,12:43,Student 95 arrives Art Fair,NA
1,12:44,Student 72 arrives Art Fair,NA
1,12:44,Student 98 arrives at booth 19,1
1,12:45,Student 72 arrives at booth 1,1
1,12:45,Student 95 arrives at booth 3,1
1,12:46,Student 90 arrives at booth 15,1
1,12:47,Student 72 departs at booth 1,0
1,12:47,Student 95 departs at booth 3,0
1,12:47,Student 81 departs at booth 20,0
1,12:48,Student 72 arrives at booth 4,1
1,12:48,Student 81 departs Art Fair,NA
1,12:49,Student 74 arrives Art Fair,NA
1,12:49,Student 98 departs at booth 19,0
1,12:50,Student 46 arrives Art Fair,NA
1,12:50,Student 74 arrives at booth 1,1
1,12:50,Student 75 arrives Art Fair,NA
1,12:50,Student 95 arrives at booth 10,1
1,12:50,Student 98 departs Art Fair,NA
1,12:51,Student 37 arrives Art Fair,NA
1,12:51,Student 46 arrives at booth 1,1
1,12:51,Student 75 arrives at booth 2,1
1,12:51,Student 52 departs at booth 15,1
1,12:51,Student 52 arrives at booth 16,1
1,12:52,Student 74 departs at booth 1,1
1,12:52,Student 95 departs at booth 10,0
1,12:53,Student 52 departs at booth 16,0
1,12:54,Student 52 arrives at booth 18,1
1,12:54,Student 74 arrives at booth 5,1
1,12:54,Student 46 departs at booth 1,0
1,12:55,Student 37 arrives at booth 7,1
1,12:56,Student 95 arrives at booth 17,1
1,12:56,Student 52 departs at booth 18,0
1,12:57,Student 29 arrives Art Fair,NA
1,12:57,Student 44 arrives Art Fair,NA
1,12:58,Student 46 arrives at booth 9,1
1,12:58,Student 52 departs Art Fair,NA
1,12:58,Student 72 departs at booth 4,0
1,12:58,Student 74 departs at booth 5,0
1,12:59,Student 29 arrives at booth 3,1
1,12:59,Student 44 arrives at booth 3,2
1,12:59,Student 72 arrives at booth 6,1
1,12:59,Student 74 arrives at booth 7,1
1,12:59,Student 95 departs at booth 17,0
1,13:00,Student 93 arrives Art Fair,NA
1,13:00,Student 46 departs at booth 9,0
1,13:01,Student 82 arrives Art Fair,NA
1,13:01,Student 95 departs Art Fair,NA
1,13:01,Student 75 departs at booth 2,0
1,13:01,Student 29 departs at booth 3,1
1,13:01,Student 90 departs at booth 15,0
1,13:01,Student 29 arrives at booth 4,1
1,13:01,Student 90 arrives at booth 16,1
1,13:02,Student 73 arrives Art Fair,NA
1,13:02,Student 75 arrives at booth 3,1
1,13:02,Student 82 arrives at booth 2,1
1,13:02,Student 93 arrives at booth 4,1
1,13:03,Student 69 arrives Art Fair,NA
1,13:03,Student 73 arrives at booth 2,1
1,13:03,Student 44 departs at booth 3,1
1,13:03,Student 37 departs at booth 7,1
1,13:03,Student 90 departs at booth 16,0
1,13:04,Student 30 arrives Art Fair,NA
1,13:04,Student 36 arrives Art Fair,NA
1,13:04,Student 37 arrives at booth 10,1
1,13:04,Student 46 arrives at booth 17,1
1,13:04,Student 72 departs at booth 6,0
1,13:05,Student 44 arrives at booth 8,1
1,13:05,Student 69 arrives at booth 4,2
1,13:05,Student 72 arrives at booth 7,1
1,13:05,Student 90 arrives at booth 19,1
1,13:05,Student 75 departs at booth 3,0
1,13:06,Student 30 arrives at booth 3,1
1,13:06,Student 36 arrives at booth 3,2
1,13:06,Student 37 departs at booth 10,0
1,13:07,Student 37 arrives at booth 12,1
1,13:07,Student 46 departs at booth 17,0
1,13:07,Student 46 arrives at booth 18,1
1,13:08,Student 43 arrives Art Fair,NA
1,13:08,Student 30 departs at booth 3,1
1,13:09,Student 44 departs at booth 8,0
1,13:09,Student 46 departs at booth 18,0
1,13:10,Student 8 arrives Art Fair,NA
1,13:10,Student 43 arrives at booth 3,1
1,13:10,Student 44 arrives at booth 9,1
1,13:10,Student 36 departs at booth 3,1
1,13:10,Student 90 departs at booth 19,0
1,13:10,Student 90 arrives at booth 20,1
1,13:11,Student 36 arrives at booth 5,1
1,13:11,Student 46 departs Art Fair,NA
1,13:11,Student 75 arrives at booth 16,1
1,13:11,Student 29 departs at booth 4,2
1,13:11,Student 74 departs at booth 7,1
1,13:12,Student 8 arrives at booth 3,1
1,13:12,Student 82 departs at booth 2,1
1,13:12,Student 43 departs at booth 3,1
1,13:12,Student 44 departs at booth 9,0
1,13:13,Student 30 arrives at booth 14,1
1,13:13,Student 74 arrives at booth 12,1
1,13:13,Student 75 departs at booth 16,0
1,13:14,Student 8 departs at booth 3,0
1,13:14,Student 37 departs at booth 12,1
1,13:14,Student 30 departs at booth 14,0
1,13:15,Student 8 arrives at booth 5,1
1,13:15,Student 30 arrives at booth 15,1
1,13:15,Student 44 arrives at booth 16,1
1,13:15,Student 82 arrives at booth 7,1
1,13:15,Student 36 departs at booth 5,1
1,13:15,Student 90 departs at booth 20,0
1,13:16,Student 29 arrives at booth 13,1
1,13:16,Student 43 arrives at booth 12,1
1,13:16,Student 48 arrives Art Fair,NA
1,13:16,Student 75 departs Art Fair,NA
1,13:16,Student 90 departs Art Fair,NA
1,13:17,Student 44 departs at booth 16,0
1,13:18,Student 36 arrives at booth 11,1
1,13:18,Student 37 arrives at booth 19,1
1,13:18,Student 48 arrives at booth 3,1
1,13:19,Student 19 arrives Art Fair,NA
1,13:19,Student 44 arrives at booth 20,1
1,13:19,Student 8 departs at booth 5,0
1,13:19,Student 72 departs at booth 7,1
1,13:19,Student 36 departs at booth 11,0
1,13:19,Student 29 departs at booth 13,0
1,13:20,Student 7 arrives Art Fair,NA
1,13:20,Student 8 arrives at booth 7,1
1,13:20,Student 36 arrives at booth 14,1
1,13:20,Student 62 arrives Art Fair,NA
1,13:20,Student 48 departs at booth 3,0
1,13:21,Student 7 arrives at booth 2,1
1,13:21,Student 48 arrives at booth 5,1
1,13:21,Student 93 departs at booth 4,1
1,13:21,Student 74 departs at booth 12,1
1,13:21,Student 36 departs at booth 14,0
1,13:22,Student 74 arrives at booth 14,1
1,13:22,Student 93 arrives at booth 6,1
1,13:22,Student 73 departs at booth 2,1
1,13:23,Student 19 arrives at booth 7,2
1,13:23,Student 29 departs Art Fair,NA
1,13:23,Student 74 departs at booth 14,0
1,13:23,Student 37 departs at booth 19,0
1,13:24,Student 37 departs Art Fair,NA
1,13:24,Student 59 arrives Art Fair,NA
1,13:24,Student 72 arrives at booth 18,1
1,13:24,Student 74 arrives at booth 15,1
1,13:24,Student 44 departs at booth 20,0
1,13:25,Student 36 departs Art Fair,NA
1,13:25,Student 44 departs Art Fair,NA
1,13:25,Student 59 arrives at booth 1,1
1,13:25,Student 62 arrives at booth 9,1
1,13:25,Student 48 departs at booth 5,0
1,13:25,Student 30 departs at booth 15,1
1,13:26,Student 73 arrives at booth 10,1
1,13:26,Student 72 departs at booth 18,0
1,13:27,Student 49 arrives Art Fair,NA
1,13:27,Student 59 departs at booth 1,0
1,13:27,Student 93 departs at booth 6,0
1,13:27,Student 82 departs at booth 7,2
1,13:27,Student 62 departs at booth 9,0
1,13:27,Student 59 arrives at booth 2,1
1,13:28,Student 30 departs Art Fair,NA
1,13:28,Student 48 arrives at booth 12,1
1,13:28,Student 72 departs Art Fair,NA
1,13:28,Student 82 arrives at booth 9,1
1,13:28,Student 73 departs at booth 10,0
1,13:28,Student 43 departs at booth 12,1
1,13:29,Student 49 arrives at booth 3,1
1,13:29,Student 62 arrives at booth 14,1
1,13:30,Student 43 arrives at booth 15,1
1,13:30,Student 82 departs at booth 9,0
1,13:30,Student 62 departs at booth 14,0
1,13:30,Student 82 arrives at booth 10,1
1,13:31,Student 62 arrives at booth 16,1
1,13:31,Student 73 arrives at booth 16,2
1,13:31,Student 49 departs at booth 3,0
1,13:31,Student 69 departs at booth 4,0
1,13:32,Student 69 arrives at booth 5,1
1,13:32,Student 93 arrives at booth 15,2
1,13:32,Student 7 departs at booth 2,1
1,13:32,Student 82 departs at booth 10,0
1,13:33,Student 7 arrives at booth 3,1
1,13:33,Student 62 departs at booth 16,1
1,13:34,Student 49 arrives at booth 10,1
1,13:35,Student 82 arrives at booth 16,1
1,13:35,Student 7 departs at booth 3,0
1,13:35,Student 8 departs at booth 7,1
1,13:35,Student 48 departs at booth 12,0
1,13:35,Student 74 departs at booth 15,2
1,13:35,Student 73 departs at booth 16,1
1,13:36,Student 48 arrives at booth 14,1
1,13:36,Student 62 departs Art Fair,NA
1,13:36,Student 73 arrives at booth 18,1
1,13:36,Student 69 departs at booth 5,0
1,13:36,Student 49 departs at booth 10,0
1,13:37,Student 8 arrives at booth 11,1
1,13:37,Student 69 arrives at booth 7,1
1,13:37,Student 48 departs at booth 14,0
1,13:37,Student 82 departs at booth 16,0
1,13:38,Student 49 arrives at booth 13,1
1,13:38,Student 74 departs Art Fair,NA
1,13:38,Student 8 departs at booth 11,0
1,13:38,Student 73 departs at booth 18,0
1,13:39,Student 8 arrives at booth 14,1
1,13:39,Student 48 arrives at booth 18,1
1,13:40,Student 73 departs Art Fair,NA
1,13:40,Student 82 departs Art Fair,NA
1,13:40,Student 8 departs at booth 14,0
1,13:41,Student 7 arrives at booth 15,2
1,13:41,Student 8 arrives at booth 16,1
1,13:41,Student 38 arrives Art Fair,NA
1,13:41,Student 49 departs at booth 13,0
1,13:41,Student 48 departs at booth 18,0
1,13:42,Student 38 arrives at booth 1,1
1,13:42,Student 49 arrives at booth 16,1
1,13:42,Student 59 departs at booth 2,0
1,13:43,Student 48 departs Art Fair,NA
1,13:43,Student 19 departs at booth 7,1
1,13:43,Student 8 departs at booth 16,1
1,13:43,Student 19 arrives at booth 8,1
1,13:44,Student 59 arrives at booth 5,1
1,13:44,Student 38 departs at booth 1,0
1,13:45,Student 43 departs at booth 15,2
1,13:45,Student 49 departs at booth 16,0
1,13:46,Student 8 departs Art Fair,NA
1,13:46,Student 24 arrives Art Fair,NA
1,13:46,Student 38 arrives at booth 6,1
1,13:46,Student 43 arrives at booth 17,1
1,13:46,Student 49 arrives at booth 17,2
1,13:47,Student 24 arrives at booth 1,1
1,13:47,Student 19 departs at booth 8,0
1,13:48,Student 19 arrives at booth 9,1
1,13:48,Student 59 departs at booth 5,0
1,13:49,Student 59 arrives at booth 7,1
1,13:49,Student 24 departs at booth 1,0
1,13:49,Student 43 departs at booth 17,1
1,13:50,Student 19 departs at booth 9,0
1,13:51,Student 24 arrives at booth 6,1
1,13:51,Student 43 departs Art Fair,NA
1,13:51,Student 38 departs at booth 6,1
1,13:51,Student 69 departs at booth 7,1
1,13:52,Student 19 arrives at booth 14,1
1,13:52,Student 49 departs at booth 17,0
1,13:53,Student 38 arrives at booth 10,1
1,13:53,Student 19 departs at booth 14,0
1,13:54,Student 49 departs Art Fair,NA
1,13:54,Student 69 arrives at booth 13,1
1,13:55,Student 38 departs at booth 10,0
1,13:55,Student 93 departs at booth 15,1
1,13:56,Student 38 arrives at booth 11,1
1,13:56,Student 24 departs at booth 6,0
1,13:57,Student 19 departs Art Fair,NA
1,13:57,Student 24 arrives at booth 7,1
1,13:57,Student 38 departs at booth 11,0
1,13:57,Student 69 departs at booth 13,0
1,13:57,Student 38 arrives at booth 12,1
1,13:58,Student 69 arrives at booth 16,1
1,13:58,Student 93 departs Art Fair,NA
1,13:59,Student 50 arrives Art Fair,NA
1,13:59,Student 59 departs at booth 7,1
1,14:00,Student 1 arrives Art Fair,NA
1,14:00,Student 69 departs at booth 16,0
1,14:02,Student 1 arrives at booth 4,1
1,14:02,Student 13 arrives Art Fair,NA
1,14:02,Student 50 arrives at booth 6,1
1,14:02,Student 69 arrives at booth 20,1
1,14:03,Student 59 arrives at booth 16,1
1,14:04,Student 67 arrives Art Fair,NA
1,14:04,Student 88 arrives Art Fair,NA
1,14:04,Student 38 departs at booth 12,0
1,14:05,Student 13 arrives at booth 5,1
1,14:05,Student 67 arrives at booth 1,1
1,14:05,Student 7 departs at booth 15,0
1,14:05,Student 59 departs at booth 16,0
1,14:06,Student 88 arrives at booth 4,1
1,14:07,Student 67 departs at booth 1,0
1,14:07,Student 50 departs at booth 6,0
1,14:07,Student 24 departs at booth 7,0
1,14:07,Student 69 departs at booth 20,0
1,14:07,Student 67 arrives at booth 2,1
1,14:08,Student 7 departs Art Fair,NA
1,14:08,Student 38 arrives at booth 20,1
1,14:08,Student 59 departs Art Fair,NA
1,14:08,Student 69 departs Art Fair,NA
1,14:09,Student 50 arrives at booth 10,1
1,14:09,Student 13 departs at booth 5,0
1,14:10,Student 13 arrives at booth 7,1
1,14:10,Student 24 arrives at booth 13,1
1,14:11,Student 50 departs at booth 10,0
1,14:12,Student 50 arrives at booth 11,1
1,14:12,Student 1 departs at booth 4,1
1,14:13,Student 96 arrives Art Fair,NA
1,14:13,Student 50 departs at booth 11,0
1,14:13,Student 24 departs at booth 13,0
1,14:13,Student 38 departs at booth 20,0
1,14:14,Student 1 arrives at booth 8,1
1,14:14,Student 27 arrives Art Fair,NA
1,14:14,Student 38 departs Art Fair,NA
1,14:14,Student 50 arrives at booth 13,1
1,14:14,Student 96 arrives at booth 1,1
1,14:16,Student 27 arrives at booth 4,1
1,14:16,Student 96 departs at booth 1,0
1,14:16,Student 96 arrives at booth 2,1
1,14:17,Student 24 departs Art Fair,NA
1,14:17,Student 67 departs at booth 2,1
1,14:17,Student 50 departs at booth 13,0
1,14:18,Student 13 departs at booth 7,0
1,14:18,Student 1 departs at booth 8,0
1,14:19,Student 1 arrives at booth 10,1
1,14:19,Student 13 arrives at booth 9,1
1,14:19,Student 67 arrives at booth 6,1
1,14:21,Student 50 departs Art Fair,NA
1,14:21,Student 13 departs at booth 9,0
1,14:21,Student 1 departs at booth 10,0
1,14:21,Student 13 arrives at booth 10,1
1,14:22,Student 88 departs at booth 4,1
1,14:23,Student 13 departs at booth 10,0
1,14:24,Student 67 departs at booth 6,0
1,14:25,Student 67 arrives at booth 7,1
1,14:26,Student 1 departs Art Fair,NA
1,14:26,Student 13 arrives at booth 15,1
1,14:26,Student 56 arrives Art Fair,NA
1,14:27,Student 28 arrives Art Fair,NA
1,14:27,Student 96 departs at booth 2,0
1,14:28,Student 28 arrives at booth 1,1
1,14:28,Student 56 arrives at booth 3,1
1,14:28,Student 99 arrives Art Fair,NA
1,14:30,Student 88 arrives at booth 19,1
1,14:30,Student 99 arrives at booth 3,1
1,14:30,Student 28 departs at booth 1,0
1,14:30,Student 56 departs at booth 3,1
1,14:31,Student 28 arrives at booth 3,1
1,14:31,Student 56 arrives at booth 6,1
1,14:32,Student 99 departs at booth 3,1
1,14:32,Student 27 departs at booth 4,0
1,14:33,Student 96 arrives at booth 14,1
1,14:33,Student 67 departs at booth 7,0
1,14:34,Student 67 arrives at booth 9,1
1,14:34,Student 99 arrives at booth 7,1
1,14:34,Student 28 departs at booth 3,0
1,14:34,Student 96 departs at booth 14,0
1,14:35,Student 27 arrives at booth 9,1
1,14:35,Student 88 departs at booth 19,0
1,14:35,Student 88 arrives at booth 20,1
1,14:36,Student 56 departs at booth 6,0
1,14:36,Student 67 departs at booth 9,1
1,14:36,Student 13 departs at booth 15,0
1,14:37,Student 23 arrives Art Fair,NA
1,14:37,Student 28 arrives at booth 10,1
1,14:38,Student 13 arrives at booth 20,1
1,14:38,Student 23 arrives at booth 2,1
1,14:38,Student 96 departs Art Fair,NA
1,14:38,Student 27 departs at booth 9,0
1,14:39,Student 56 arrives at booth 12,1
1,14:39,Student 28 departs at booth 10,0
1,14:40,Student 28 arrives at booth 12,1
1,14:40,Student 88 departs at booth 20,1
1,14:41,Student 27 arrives at booth 16,1
1,14:41,Student 67 departs Art Fair,NA
1,14:41,Student 88 departs Art Fair,NA
1,14:42,Student 99 departs at booth 7,0
1,14:43,Student 27 departs at booth 16,0
1,14:44,Student 12 arrives Art Fair,NA
1,14:44,Student 27 arrives at booth 18,1
1,14:45,Student 99 arrives at booth 13,1
1,14:45,Student 13 departs at booth 20,0
1,14:46,Student 13 departs Art Fair,NA
1,14:46,Student 56 departs at booth 12,1
1,14:46,Student 27 departs at booth 18,0
1,14:47,Student 12 arrives at booth 5,1
1,14:48,Student 27 departs Art Fair,NA
1,14:48,Student 56 arrives at booth 16,1
1,14:48,Student 23 departs at booth 2,0
1,14:48,Student 99 departs at booth 13,0
1,14:49,Student 99 arrives at booth 15,1
1,14:50,Student 23 arrives at booth 5,1
1,14:50,Student 56 departs at booth 16,0
1,14:51,Student 56 arrives at booth 17,1
1,14:51,Student 12 departs at booth 5,1
1,14:53,Student 28 departs at booth 12,0
1,14:54,Student 12 arrives at booth 11,1
1,14:54,Student 60 arrives Art Fair,NA
1,14:54,Student 56 departs at booth 17,0
1,14:55,Student 60 arrives at booth 2,1
1,14:55,Student 23 departs at booth 5,0
1,14:55,Student 12 departs at booth 11,0
1,14:55,Student 23 arrives at booth 6,1
1,14:56,Student 12 arrives at booth 14,1
1,14:56,Student 28 arrives at booth 18,1
1,14:56,Student 56 departs Art Fair,NA
1,14:57,Student 21 arrives Art Fair,NA
1,14:57,Student 12 departs at booth 14,0
1,14:58,Student 28 departs at booth 18,0
1,14:59,Student 99 departs at booth 15,0
1,15:00,Student 21 arrives at booth 6,1
1,15:00,Student 28 departs Art Fair,NA
1,15:00,Student 99 arrives at booth 17,1
1,15:00,Student 23 departs at booth 6,1
1,15:01,Student 12 departs Art Fair,NA
1,15:02,Student 23 arrives at booth 9,1
1,15:03,Student 99 departs at booth 17,0
1,15:04,Student 23 departs at booth 9,0
1,15:05,Student 15 arrives Art Fair,NA
1,15:05,Student 99 departs Art Fair,NA
1,15:05,Student 60 departs at booth 2,0
1,15:05,Student 21 departs at booth 6,0
1,15:06,Student 15 arrives at booth 2,1
1,15:07,Student 21 arrives at booth 10,1
1,15:07,Student 60 arrives at booth 6,1
1,15:09,Student 18 arrives Art Fair,NA
1,15:09,Student 23 arrives at booth 20,1
1,15:09,Student 21 departs at booth 10,0
1,15:10,Student 18 arrives at booth 2,1
1,15:10,Student 21 arrives at booth 11,1
1,15:10,Student 31 arrives Art Fair,NA
1,15:11,Student 21 departs at booth 11,0
1,15:12,Student 60 departs at booth 6,0
1,15:13,Student 21 arrives at booth 16,1
1,15:13,Student 31 arrives at booth 6,1
1,15:14,Student 23 departs at booth 20,0
1,15:15,Student 20 arrives Art Fair,NA
1,15:15,Student 23 departs Art Fair,NA
1,15:15,Student 21 departs at booth 16,0
1,15:16,Student 20 arrives at booth 2,2
1,15:16,Student 60 arrives at booth 13,1
1,15:16,Student 15 departs at booth 2,2
1,15:17,Student 15 arrives at booth 4,1
1,15:17,Student 21 arrives at booth 19,1
1,15:18,Student 31 departs at booth 6,0
1,15:19,Student 60 departs at booth 13,0
1,15:19,Student 60 arrives at booth 14,1
1,15:20,Student 60 departs at booth 14,0
1,15:21,Student 31 arrives at booth 12,1
1,15:21,Student 60 arrives at booth 16,1
1,15:22,Student 21 departs at booth 19,0
1,15:23,Student 21 departs Art Fair,NA
1,15:23,Student 92 arrives Art Fair,NA
1,15:23,Student 60 departs at booth 16,0
1,15:24,Student 32 arrives Art Fair,NA
1,15:24,Student 70 arrives Art Fair,NA
1,15:25,Student 32 arrives at booth 1,1
1,15:25,Student 60 arrives at booth 20,1
1,15:25,Student 70 arrives at booth 2,2
1,15:26,Student 92 arrives at booth 6,1
1,15:26,Student 18 departs at booth 2,2
1,15:27,Student 32 departs at booth 1,0
1,15:27,Student 15 departs at booth 4,0
1,15:28,Student 32 arrives at booth 4,1
1,15:28,Student 31 departs at booth 12,0
1,15:29,Student 15 arrives at booth 7,1
1,15:29,Student 18 arrives at booth 7,2
1,15:30,Student 33 arrives Art Fair,NA
1,15:30,Student 60 departs at booth 20,0
1,15:31,Student 31 arrives at booth 18,1
1,15:31,Student 60 departs Art Fair,NA
1,15:31,Student 92 departs at booth 6,0
1,15:32,Student 33 arrives at booth 3,1
1,15:33,Student 92 arrives at booth 9,1
1,15:33,Student 31 departs at booth 18,0
1,15:34,Student 76 arrives Art Fair,NA
1,15:34,Student 33 departs at booth 3,0
1,15:35,Student 31 departs Art Fair,NA
1,15:35,Student 76 arrives at booth 1,1
1,15:35,Student 92 departs at booth 9,0
1,15:35,Student 92 arrives at booth 10,1
1,15:36,Student 20 departs at booth 2,1
1,15:37,Student 14 arrives Art Fair,NA
1,15:37,Student 20 arrives at booth 4,1
1,15:37,Student 76 departs at booth 1,0
1,15:37,Student 15 departs at booth 7,1
1,15:37,Student 92 departs at booth 10,0
1,15:38,Student 14 arrives at booth 2,1
1,15:38,Student 92 arrives at booth 12,1
1,15:38,Student 32 departs at booth 4,1
1,15:39,Student 32 arrives at booth 6,1
1,15:39,Student 76 arrives at booth 6,2
1,15:40,Student 15 arrives at booth 14,1
1,15:40,Student 33 arrives at booth 16,1
1,15:41,Student 15 departs at booth 14,0
1,15:42,Student 33 departs at booth 16,0
1,15:43,Student 2 arrives Art Fair,NA
1,15:43,Student 33 arrives at booth 17,1
1,15:44,Student 2 arrives at booth 1,1
1,15:44,Student 32 departs at booth 6,1
1,15:45,Student 15 departs Art Fair,NA
1,15:45,Student 83 arrives Art Fair,NA
1,15:45,Student 18 departs at booth 7,0
1,15:45,Student 92 departs at booth 12,0
1,15:45,Student 18 arrives at booth 8,1
1,15:46,Student 11 arrives Art Fair,NA
1,15:46,Student 32 arrives at booth 10,1
1,15:46,Student 83 arrives at booth 2,2
1,15:46,Student 2 departs at booth 1,0
1,15:46,Student 70 departs at booth 2,2
1,15:46,Student 33 departs at booth 17,0
1,15:47,Student 2 arrives at booth 3,1
1,15:47,Student 11 arrives at booth 2,2
1,15:47,Student 92 arrives at booth 16,1
1,15:48,Student 33 departs Art Fair,NA
1,15:48,Student 70 arrives at booth 5,1
1,15:48,Student 87 arrives Art Fair,NA
1,15:48,Student 20 departs at booth 4,0
1,15:48,Student 32 departs at booth 10,0
1,15:49,Student 25 arrives Art Fair,NA
1,15:49,Student 2 departs at booth 3,0
1,15:49,Student 76 departs at booth 6,0
1,15:49,Student 18 departs at booth 8,0
1,15:49,Student 92 departs at booth 16,0
1,15:50,Student 25 arrives at booth 2,3
1,15:50,Student 63 arrives Art Fair,NA
1,15:50,Student 76 arrives at booth 8,1
1,15:50,Student 87 arrives at booth 4,1
1,15:51,Student 92 arrives at booth 20,1
1,15:52,Student 18 arrives at booth 14,1
1,15:52,Student 22 arrives Art Fair,NA
1,15:52,Student 32 arrives at booth 18,1
1,15:52,Student 70 departs at booth 5,0
1,15:52,Student 70 arrives at booth 6,1
1,15:53,Student 20 arrives at booth 13,1
1,15:53,Student 18 departs at booth 14,0
1,15:54,Student 2 arrives at booth 13,1
1,15:54,Student 18 arrives at booth 15,1
1,15:54,Student 63 arrives at booth 7,1
1,15:54,Student 76 departs at booth 8,0
1,15:54,Student 32 departs at booth 18,0
1,15:56,Student 10 arrives Art Fair,NA
1,15:56,Student 32 departs Art Fair,NA
1,15:56,Student 76 arrives at booth 11,1
1,15:56,Student 14 departs at booth 2,3
1,15:56,Student 20 departs at booth 13,1
1,15:56,Student 92 departs at booth 20,0
1,15:57,Student 20 arrives at booth 16,1
1,15:57,Student 22 arrives at booth 9,1
1,15:57,Student 92 departs Art Fair,NA
1,15:57,Student 70 departs at booth 6,0
1,15:57,Student 76 departs at booth 11,0
1,15:58,Student 10 arrives at booth 4,1
1,15:58,Student 14 arrives at booth 6,1
1,15:58,Student 76 arrives at booth 13,1
1,15:59,Student 22 departs at booth 9,0
1,15:59,Student 2 departs at booth 13,1
1,15:59,Student 20 departs at booth 16,0
1,16:00,Student 22 arrives at booth 11,1
1,16:00,Student 70 arrives at booth 12,1
1,16:00,Student 87 departs at booth 4,1
1,16:01,Student 20 arrives at booth 19,1
1,16:01,Student 87 arrives at booth 5,1
1,16:01,Student 22 departs at booth 11,0
1,16:02,Student 22 arrives at booth 13,1
1,16:02,Student 63 departs at booth 7,0
1,16:02,Student 76 departs at booth 13,1
1,16:03,Student 2 departs Art Fair,NA
1,16:03,Student 63 arrives at booth 9,1
1,16:03,Student 14 departs at booth 6,0
1,16:04,Student 18 departs at booth 15,0
1,16:04,Student 18 arrives at booth 16,1
1,16:05,Student 76 arrives at booth 20,1
1,16:05,Student 87 departs at booth 5,0
1,16:05,Student 63 departs at booth 9,0
1,16:05,Student 22 departs at booth 13,0
1,16:06,Student 14 arrives at booth 12,1
1,16:06,Student 83 departs at booth 2,2
1,16:06,Student 18 departs at booth 16,0
1,16:06,Student 20 departs at booth 19,0
1,16:07,Student 20 departs Art Fair,NA
1,16:07,Student 70 departs at booth 12,1
1,16:09,Student 18 departs Art Fair,NA
1,16:09,Student 22 departs Art Fair,NA
1,16:09,Student 63 arrives at booth 17,1
1,16:09,Student 87 arrives at booth 14,1
1,16:10,Student 83 arrives at booth 10,1
1,16:10,Student 10 departs at booth 4,0
1,16:10,Student 87 departs at booth 14,0
1,16:10,Student 76 departs at booth 20,0
1,16:11,Student 10 arrives at booth 6,1
1,16:11,Student 76 departs Art Fair,NA
1,16:12,Student 70 departs Art Fair,NA
1,16:12,Student 83 departs at booth 10,0
1,16:12,Student 63 departs at booth 17,0
1,16:13,Student 57 arrives Art Fair,NA
1,16:13,Student 85 arrives Art Fair,NA
1,16:14,Student 57 arrives at booth 2,2
1,16:14,Student 63 departs Art Fair,NA
1,16:14,Student 83 arrives at booth 14,1
1,16:14,Student 85 arrives at booth 2,3
1,16:14,Student 87 departs Art Fair,NA
1,16:14,Student 14 departs at booth 12,0
1,16:15,Student 83 departs at booth 14,0
1,16:16,Student 14 arrives at booth 15,1
1,16:16,Student 61 arrives Art Fair,NA
1,16:16,Student 11 departs at booth 2,3
1,16:16,Student 10 departs at booth 6,0
1,16:17,Student 10 arrives at booth 8,1
1,16:17,Student 11 arrives at booth 3,1
1,16:18,Student 26 arrives Art Fair,NA
1,16:18,Student 80 arrives Art Fair,NA
1,16:19,Student 83 departs Art Fair,NA
1,16:19,Student 11 departs at booth 3,0
1,16:20,Student 61 arrives at booth 7,1
1,16:20,Student 80 arrives at booth 3,1
1,16:21,Student 10 departs at booth 8,0
1,16:22,Student 11 arrives at booth 10,1
1,16:22,Student 80 departs at booth 3,0
1,16:23,Student 10 arrives at booth 11,1
1,16:23,Student 51 arrives Art Fair,NA
1,16:23,Student 80 arrives at booth 5,1
1,16:24,Student 51 arrives at booth 1,1
1,16:24,Student 11 departs at booth 10,0
1,16:24,Student 10 departs at booth 11,0
1,16:25,Student 11 arrives at booth 11,1
1,16:25,Student 42 arrives Art Fair,NA
1,16:26,Student 26 arrives at booth 16,1
1,16:26,Student 51 departs at booth 1,0
1,16:26,Student 25 departs at booth 2,2
1,16:26,Student 11 departs at booth 11,0
1,16:26,Student 14 departs at booth 15,0
1,16:26,Student 11 arrives at booth 12,1
1,16:27,Student 51 arrives at booth 3,1
1,16:27,Student 80 departs at booth 5,0
1,16:27,Student 80 arrives at booth 6,1
1,16:28,Student 10 arrives at booth 19,1
1,16:28,Student 61 departs at booth 7,0
1,16:28,Student 26 departs at booth 16,0
1,16:29,Student 14 departs Art Fair,NA
1,16:29,Student 25 arrives at booth 8,1
1,16:29,Student 26 arrives at booth 17,1
1,16:29,Student 61 arrives at booth 10,1
1,16:29,Student 51 departs at booth 3,0
1,16:30,Student 51 arrives at booth 5,1
1,16:31,Student 42 arrives at booth 12,1
1,16:31,Student 61 departs at booth 10,0
1,16:32,Student 61 arrives at booth 11,1
1,16:32,Student 68 arrives Art Fair,NA
1,16:32,Student 80 departs at booth 6,0
1,16:32,Student 26 departs at booth 17,0
1,16:32,Student 26 arrives at booth 18,1
1,16:33,Student 68 arrives at booth 2,2
1,16:33,Student 80 arrives at booth 7,1
1,16:33,Student 25 departs at booth 8,0
1,16:33,Student 61 departs at booth 11,0
1,16:33,Student 11 departs at booth 12,1
1,16:33,Student 10 departs at booth 19,0
1,16:33,Student 10 arrives at booth 20,1
1,16:34,Student 61 arrives at booth 14,1
1,16:34,Student 51 departs at booth 5,0
1,16:34,Student 26 departs at booth 18,0
1,16:34,Student 51 arrives at booth 6,1
1,16:35,Student 61 departs at booth 14,0
1,16:36,Student 25 arrives at booth 13,1
1,16:36,Student 26 departs Art Fair,NA
1,16:36,Student 57 departs at booth 2,2
1,16:37,Student 57 arrives at booth 3,1
1,16:37,Student 61 arrives at booth 18,1
1,16:38,Student 11 departs Art Fair,NA
1,16:38,Student 10 departs at booth 20,0
1,16:39,Student 10 departs Art Fair,NA
1,16:39,Student 40 arrives Art Fair,NA
1,16:39,Student 57 departs at booth 3,0
1,16:39,Student 51 departs at booth 6,0
1,16:39,Student 25 departs at booth 13,0
1,16:39,Student 61 departs at booth 18,0
1,16:40,Student 42 departs at booth 12,0
1,16:41,Student 25 arrives at booth 18,1
1,16:41,Student 42 arrives at booth 13,1
1,16:41,Student 51 arrives at booth 10,1
1,16:41,Student 57 arrives at booth 7,1
1,16:41,Student 61 departs Art Fair,NA
1,16:41,Student 80 departs at booth 7,1
1,16:43,Student 40 arrives at booth 8,1
1,16:43,Student 51 departs at booth 10,0
1,16:43,Student 25 departs at booth 18,0
1,16:44,Student 42 departs at booth 13,0
1,16:45,Student 25 departs Art Fair,NA
1,16:46,Student 42 arrives at booth 18,1
1,16:46,Student 85 departs at booth 2,1
1,16:47,Student 80 arrives at booth 20,1
1,16:47,Student 85 arrives at booth 3,1
1,16:47,Student 40 departs at booth 8,0
1,16:48,Student 40 arrives at booth 10,1
1,16:48,Student 41 arrives Art Fair,NA
1,16:48,Student 51 departs Art Fair,NA
1,16:48,Student 42 departs at booth 18,0
1,16:49,Student 4 arrives Art Fair,NA
1,16:49,Student 42 arrives at booth 20,1
1,16:49,Student 85 departs at booth 3,0
1,16:49,Student 57 departs at booth 7,0
1,16:50,Student 85 arrives at booth 6,1
1,16:50,Student 40 departs at booth 10,0
1,16:51,Student 4 arrives at booth 3,1
1,16:51,Student 40 arrives at booth 11,1
1,16:51,Student 57 arrives at booth 11,2
1,16:52,Student 40 departs at booth 11,1
1,16:52,Student 80 departs at booth 20,1
1,16:52,Student 40 arrives at booth 12,1
1,16:53,Student 41 arrives at booth 10,1
1,16:53,Student 80 departs Art Fair,NA
1,16:53,Student 4 departs at booth 3,0
1,16:53,Student 57 departs at booth 11,0
1,16:55,Student 85 departs at booth 6,0
1,16:55,Student 41 departs at booth 10,0
1,16:56,Student 4 arrives at booth 10,1
1,16:56,Student 41 arrives at booth 11,1
1,16:56,Student 85 arrives at booth 7,1
1,16:56,Student 68 departs at booth 2,0
1,16:57,Student 41 departs at booth 11,0
1,16:57,Student 42 departs at booth 20,0
1,16:58,Student 41 arrives at booth 13,1
1,16:58,Student 42 departs Art Fair,NA
1,16:58,Student 57 departs Art Fair,NA
1,16:58,Student 68 arrives at booth 6,1
1,16:58,Student 4 departs at booth 10,0
1,16:59,Student 4 arrives at booth 12,1
1,16:59,Student 40 departs at booth 12,1
1,17:01,Student 40 arrives at booth 16,1
1,17:01,Student 41 departs at booth 13,0
1,17:01,Student 41 arrives at booth 14,1
1,17:02,Student 41 departs at booth 14,0
1,17:03,Student 41 arrives at booth 15,1
1,17:03,Student 68 departs at booth 6,0
1,17:03,Student 40 departs at booth 16,0
1,17:04,Student 54 arrives Art Fair,NA
1,17:04,Student 68 arrives at booth 7,1
1,17:04,Student 85 departs at booth 7,1
1,17:05,Student 54 arrives at booth 2,1
1,17:05,Student 85 arrives at booth 10,1
1,17:06,Student 40 departs Art Fair,NA
1,17:06,Student 66 arrives Art Fair,NA
1,17:06,Student 4 departs at booth 12,0
1,17:07,Student 85 departs at booth 10,0
1,17:08,Student 66 arrives at booth 4,1
1,17:09,Student 85 arrives at booth 14,1
1,17:10,Student 58 arrives Art Fair,NA
1,17:10,Student 85 departs at booth 14,0
1,17:11,Student 4 departs Art Fair,NA
1,17:11,Student 39 arrives Art Fair,NA
1,17:12,Student 58 arrives at booth 3,1
1,17:12,Student 65 arrives Art Fair,NA
1,17:12,Student 68 departs at booth 7,0
1,17:13,Student 39 arrives at booth 3,1
1,17:13,Student 65 arrives at booth 1,1
1,17:13,Student 41 departs at booth 15,0
1,17:14,Student 41 arrives at booth 17,1
1,17:14,Student 85 departs Art Fair,NA
1,17:14,Student 58 departs at booth 3,1
1,17:15,Student 34 arrives Art Fair,NA
1,17:15,Student 65 departs at booth 1,0
1,17:15,Student 54 departs at booth 2,0
1,17:16,Student 58 arrives at booth 8,1
1,17:16,Student 68 departs Art Fair,NA
1,17:16,Student 39 departs at booth 3,0
1,17:16,Student 39 arrives at booth 4,1
1,17:17,Student 65 arrives at booth 6,1
1,17:17,Student 41 departs at booth 17,0
1,17:18,Student 34 arrives at booth 6,1
1,17:18,Student 54 arrives at booth 7,1
1,17:18,Student 66 departs at booth 4,1
1,17:19,Student 5 arrives Art Fair,NA
1,17:19,Student 41 departs Art Fair,NA
1,17:20,Student 58 departs at booth 8,0
1,17:21,Student 5 arrives at booth 3,1
1,17:21,Student 66 arrives at booth 10,1
1,17:21,Student 94 arrives Art Fair,NA
1,17:22,Student 65 departs at booth 6,1
1,17:23,Student 65 arrives at booth 7,1
1,17:23,Student 5 departs at booth 3,0
1,17:23,Student 66 departs at booth 10,0
1,17:24,Student 66 arrives at booth 11,1
1,17:24,Student 94 arrives at booth 6,1
1,17:25,Student 5 arrives at booth 8,1
1,17:25,Student 66 departs at booth 11,0
1,17:26,Student 58 arrives at booth 20,1
1,17:26,Student 54 departs at booth 7,1
1,17:27,Student 54 arrives at booth 9,1
1,17:27,Student 34 departs at booth 6,1
1,17:28,Student 6 arrives Art Fair,NA
1,17:28,Student 34 arrives at booth 8,1
1,17:28,Student 39 departs at booth 4,0
1,17:29,Student 39 arrives at booth 6,1
1,17:29,Student 66 arrives at booth 19,1
1,17:29,Student 5 departs at booth 8,1
1,17:29,Student 54 departs at booth 9,0
1,17:29,Student 54 arrives at booth 10,1
1,17:30,Student 5 arrives at booth 9,1
1,17:30,Student 9 arrives Art Fair,NA
1,17:31,Student 54 departs at booth 10,0
1,17:31,Student 58 departs at booth 20,0
1,17:32,Student 58 departs Art Fair,NA
1,17:32,Student 94 departs at booth 6,1
1,17:32,Student 5 departs at booth 9,0
1,17:33,Student 6 arrives at booth 10,1
1,17:33,Student 54 arrives at booth 14,1
1,17:33,Student 94 arrives at booth 8,1
1,17:33,Student 34 departs at booth 8,1
1,17:34,Student 9 arrives at booth 7,1
1,17:34,Student 34 arrives at booth 10,1
1,17:34,Student 65 departs at booth 7,1
1,17:34,Student 54 departs at booth 14,0
1,17:34,Student 66 departs at booth 19,0
1,17:35,Student 5 arrives at booth 16,1
1,17:35,Student 66 departs Art Fair,NA
1,17:35,Student 6 departs at booth 10,1
1,17:36,Student 65 arrives at booth 11,1
1,17:37,Student 6 arrives at booth 14,1
1,17:37,Student 54 arrives at booth 20,1
1,17:37,Student 39 departs at booth 6,0
1,17:37,Student 94 departs at booth 8,0
1,17:37,Student 34 departs at booth 10,0
1,17:37,Student 65 departs at booth 11,0
1,17:37,Student 5 departs at booth 16,0
1,17:38,Student 5 arrives at booth 18,1
1,17:38,Student 34 arrives at booth 12,1
1,17:38,Student 39 arrives at booth 8,1
1,17:38,Student 6 departs at booth 14,0
1,17:39,Student 65 arrives at booth 15,1
1,17:39,Student 94 arrives at booth 12,1
1,17:40,Student 5 departs at booth 18,0
1,17:41,Student 6 arrives at booth 20,1
1,17:42,Student 5 departs Art Fair,NA
1,17:42,Student 9 departs at booth 7,0
1,17:42,Student 39 departs at booth 8,0
1,17:42,Student 54 departs at booth 20,1
1,17:43,Student 54 departs Art Fair,NA
1,17:44,Student 9 arrives at booth 11,1
1,17:45,Student 9 departs at booth 11,0
1,17:45,Student 34 departs at booth 12,1
1,17:45,Student 9 arrives at booth 12,1
1,17:46,Student 39 arrives at booth 16,1
1,17:47,Student 6 departs at booth 20,0
1,17:48,Student 6 departs Art Fair,NA
1,17:48,Student 39 departs at booth 16,0
1,17:49,Student 65 departs at booth 15,0
1,17:50,Student 34 departs Art Fair,NA
1,17:50,Student 39 arrives at booth 19,1
1,17:51,Student 65 arrives at booth 19,1
1,17:52,Student 94 departs at booth 12,1
1,17:53,Student 94 arrives at booth 13,1
1,17:55,Student 39 departs at booth 19,1
1,17:56,Student 39 departs Art Fair,NA
1,17:56,Student 94 departs at booth 13,0
1,17:59,Student 9 departs at booth 12,0
1,18:00,Student 9 arrives at booth 14,1
1,18:00,Student 94 departs Art Fair,NA
1,18:00,Student 65 departs at booth 19,0
1,18:01,Student 65 departs Art Fair,NA
1,18:01,Student 9 departs at booth 14,0
1,18:03,Student 9 arrives at booth 18,1
1,18:05,Student 9 departs at booth 18,0
1,18:07,Student 9 departs Art Fair,NA
2,11:12,Student 52 arrives Art Fair,NA
2,11:14,Student 81 arrives Art Fair,NA
2,11:15,Student 52 arrives at booth 6,1
2,11:17,Student 66 arrives Art Fair,NA
2,11:17,Student 81 arrives at booth 6,1
2,11:19,Student 66 arrives at booth 3,1
2,11:20,Student 42 arrives Art Fair,NA
2,11:20,Student 52 departs at booth 6,1
2,11:21,Student 42 arrives at booth 1,1
2,11:21,Student 92 arrives Art Fair,NA
2,11:21,Student 66 departs at booth 3,0
2,11:22,Student 66 arrives at booth 5,1
2,11:23,Student 52 arrives at booth 11,1
2,11:23,Student 92 arrives at booth 4,1
2,11:23,Student 42 departs at booth 1,0
2,11:24,Student 52 departs at booth 11,0
2,11:25,Student 42 arrives at booth 5,1
2,11:25,Student 52 arrives at booth 13,1
2,11:25,Student 81 departs at booth 6,0
2,11:26,Student 15 arrives Art Fair,NA
2,11:26,Student 66 departs at booth 5,1
2,11:26,Student 66 arrives at booth 6,1
2,11:27,Student 15 arrives at booth 2,1
2,11:27,Student 81 arrives at booth 9,1
2,11:28,Student 52 departs at booth 13,0
2,11:29,Student 81 departs at booth 9,0
2,11:30,Student 42 departs at booth 5,0
2,11:31,Student 66 departs at booth 6,0
2,11:32,Student 52 departs Art Fair,NA
2,11:33,Student 92 departs at booth 4,0
2,11:34,Student 42 arrives at booth 13,1
2,11:34,Student 81 arrives at booth 20,1
2,11:35,Student 48 arrives Art Fair,NA
2,11:35,Student 92 arrives at booth 7,1
2,11:36,Student 48 arrives at booth 1,1
2,11:37,Student 15 departs at booth 2,0
2,11:37,Student 42 departs at booth 13,0
2,11:38,Student 66 arrives at booth 19,1
2,11:38,Student 48 departs at booth 1,0
2,11:39,Student 15 arrives at booth 5,1
2,11:39,Student 81 departs at booth 20,0
2,11:40,Student 42 arrives at booth 20,1
2,11:40,Student 48 arrives at booth 5,1
2,11:40,Student 81 departs Art Fair,NA
2,11:42,Student 3 arrives Art Fair,NA
2,11:42,Student 69 arrives Art Fair,NA
2,11:43,Student 3 arrives at booth 1,1
2,11:43,Student 58 arrives Art Fair,NA
2,11:43,Student 15 departs at booth 5,1
2,11:43,Student 92 departs at booth 7,0
2,11:43,Student 66 departs at booth 19,0
2,11:43,Student 15 arrives at booth 6,1
2,11:43,Student 92 arrives at booth 8,1
2,11:44,Student 58 arrives at booth 1,1
2,11:44,Student 66 departs Art Fair,NA
2,11:45,Student 3 departs at booth 1,1
2,11:45,Student 42 departs at booth 20,0
2,11:46,Student 3 arrives at booth 4,1
2,11:46,Student 42 departs Art Fair,NA
2,11:47,Student 58 departs at booth 1,0
2,11:47,Student 48 departs at booth 5,0
2,11:47,Student 92 departs at booth 8,0
2,11:48,Student 48 arrives at booth 7,1
2,11:48,Student 69 arrives at booth 11,1
2,11:48,Student 15 departs at booth 6,0
2,11:49,Student 92 arrives at booth 11,1
2,11:49,Student 69 departs at booth 11,1
2,11:49,Student 69 arrives at booth 12,1
2,11:50,Student 92 departs at booth 11,0
2,11:51,Student 58 arrives at booth 9,1
2,11:53,Student 58 departs at booth 9,0
2,11:54,Student 15 arrives at booth 18,1
2,11:55,Student 92 departs Art Fair,NA
2,11:56,Student 23 arrives Art Fair,NA
2,11:56,Student 3 departs at booth 4,0
2,11:56,Student 48 departs at booth 7,0
2,11:56,Student 69 departs at booth 12,0
2,11:56,Student 15 departs at booth 18,0
2,11:57,Student 3 arrives at booth 6,1
2,11:57,Student 15 arrives at booth 20,1
2,11:57,Student 69 arrives at booth 13,1
2,11:58,Student 58 arrives at booth 20,1
2,11:59,Student 48 arrives at booth 14,1
2,12:00,Student 69 departs at booth 13,0
2,12:00,Student 48 departs at booth 14,0
2,12:00,Student 69 arrives at booth 14,1
2,12:01,Student 69 departs at booth 14,0
2,12:02,Student 17 arrives Art Fair,NA
2,12:02,Student 48 arrives at booth 17,1
2,12:02,Student 69 arrives at booth 16,1
2,12:02,Student 3 departs at booth 6,0
2,12:02,Student 15 departs at booth 20,1
2,12:03,Student 3 arrives at booth 7,1
2,12:03,Student 15 departs Art Fair,NA
2,12:03,Student 17 arrives at booth 2,1
2,12:03,Student 23 arrives at booth 13,1
2,12:04,Student 73 arrives Art Fair,NA
2,12:04,Student 93 arrives Art Fair,NA
2,12:04,Student 69 departs at booth 16,0
2,12:05,Student 45 arrives Art Fair,NA
2,12:05,Student 67 arrives Art Fair,NA
2,12:05,Student 69 arrives at booth 18,1
2,12:05,Student 93 arrives at booth 1,1
2,12:05,Student 48 departs at booth 17,0
2,12:05,Student 48 arrives at booth 18,1
2,12:06,Student 23 departs at booth 13,0
2,12:07,Student 23 arrives at booth 15,1
2,12:07,Student 73 arrives at booth 5,1
2,12:07,Student 83 arrives Art Fair,NA
2,12:07,Student 93 departs at booth 1,0
2,12:07,Student 69 departs at booth 18,1
2,12:07,Student 58 departs at booth 20,0
2,12:07,Student 93 arrives at booth 2,1
2,12:08,Student 58 departs Art Fair,NA
2,12:08,Student 67 arrives at booth 6,1
2,12:08,Student 83 arrives at booth 1,1
2,12:08,Student 85 arrives Art Fair,NA
2,12:09,Student 69 departs Art Fair,NA
2,12:09,Student 85 arrives at booth 1,1
2,12:09,Student 48 departs at booth 18,0
2,12:10,Student 83 departs at booth 1,1
2,12:11,Student 48 departs Art Fair,NA
2,12:11,Student 73 departs at booth 5,0
2,12:11,Student 3 departs at booth 7,0
2,12:11,Student 73 arrives at booth 6,1
2,12:12,Student 3 arrives at booth 9,1
2,12:12,Student 45 arrives at booth 13,1
2,12:12,Student 85 departs at booth 1,0
2,12:13,Student 85 arrives at booth 3,1
2,12:13,Student 17 departs at booth 2,1
2,12:13,Student 67 departs at booth 6,1
2,12:14,Student 3 departs at booth 9,0
2,12:14,Student 3 arrives at booth 10,1
2,12:15,Student 83 arrives at booth 12,1
2,12:15,Student 85 departs at booth 3,0
2,12:15,Student 45 departs at booth 13,0
2,12:16,Student 17 arrives at booth 7,1
2,12:16,Student 67 arrives at booth 11,1
2,12:16,Student 3 departs at booth 10,0
2,12:17,Student 67 departs at booth 11,0
2,12:17,Student 23 departs at booth 15,0
2,12:17,Student 23 arrives at booth 16,1
2,12:17,Student 67 arrives at booth 12,1
2,12:18,Student 45 arrives at booth 19,1
2,12:18,Student 85 arrives at booth 10,1
2,12:18,Student 73 departs at booth 6,0
2,12:19,Student 23 departs at booth 16,0
2,12:20,Student 85 departs at booth 10,0
2,12:21,Student 3 departs Art Fair,NA
2,12:21,Student 23 arrives at booth 19,1
2,12:21,Student 78 arrives Art Fair,NA
2,12:21,Student 85 arrives at booth 11,1
2,12:22,Student 73 arrives at booth 13,1
2,12:22,Student 78 arrives at booth 2,1
2,12:22,Student 85 departs at booth 11,0
2,12:22,Student 83 departs at booth 12,1
2,12:23,Student 85 arrives at booth 14,1
2,12:23,Student 93 departs at booth 2,1
2,12:23,Student 45 departs at booth 19,1
2,12:23,Student 45 arrives at booth 20,1
2,12:24,Student 17 departs at booth 7,0
2,12:24,Student 85 departs at booth 14,0
2,12:24,Student 17 arrives at booth 8,1
2,12:25,Student 55 arrives Art Fair,NA
2,12:25,Student 83 arrives at booth 17,1
2,12:25,Student 73 departs at booth 13,0
2,12:26,Student 55 arrives at booth 2,1
2,12:26,Student 85 arrives at booth 17,1
2,12:27,Student 93 arrives at booth 10,1
2,12:28,Student 13 arrives Art Fair,NA
2,12:28,Student 73 arrives at booth 20,1
2,12:28,Student 17 departs at booth 8,0
2,12:28,Student 83 departs at booth 17,1
2,12:28,Student 23 departs at booth 19,0
2,12:28,Student 45 departs at booth 20,1
2,12:29,Student 13 arrives at booth 1,1
2,12:29,Student 23 departs Art Fair,NA
2,12:29,Student 45 departs Art Fair,NA
2,12:29,Student 93 departs at booth 10,0
2,12:29,Student 67 departs at booth 12,0
2,12:30,Student 83 departs Art Fair,NA
2,12:31,Student 17 arrives at booth 14,1
2,12:31,Student 13 departs at booth 1,0
2,12:31,Student 85 departs at booth 17,0
2,12:32,Student 17 departs at booth 14,0
2,12:33,Student 13 arrives at booth 6,1
2,12:33,Student 17 arrives at booth 15,1
2,12:33,Student 67 arrives at booth 19,1
2,12:33,Student 85 departs Art Fair,NA
2,12:33,Student 93 arrives at booth 17,1
2,12:33,Student 78 departs at booth 2,1
2,12:33,Student 73 departs at booth 20,0
2,12:34,Student 73 departs Art Fair,NA
2,12:36,Student 93 departs at booth 17,0
2,12:36,Student 93 arrives at booth 18,1
2,12:38,Student 78 arrives at booth 11,1
2,12:38,Student 13 departs at booth 6,0
2,12:38,Student 93 departs at booth 18,0
2,12:38,Student 67 departs at booth 19,0
2,12:38,Student 67 arrives at booth 20,1
2,12:39,Student 78 departs at booth 11,0
2,12:40,Student 91 arrives Art Fair,NA
2,12:40,Student 93 departs Art Fair,NA
2,12:41,Student 13 arrives at booth 11,1
2,12:42,Student 29 arrives Art Fair,NA
2,12:42,Student 47 arrives Art Fair,NA
2,12:42,Student 78 arrives at booth 18,1
2,12:42,Student 13 departs at booth 11,0
2,12:43,Student 13 arrives at booth 13,1
2,12:43,Student 91 arrives at booth 6,1
2,12:43,Student 55 departs at booth 2,0
2,12:43,Student 17 departs at booth 15,0
2,12:43,Student 67 departs at booth 20,0
2,12:43,Student 17 arrives at booth 16,1
2,12:44,Student 29 arrives at booth 4,1
2,12:44,Student 67 departs Art Fair,NA
2,12:44,Student 78 departs at booth 18,0
2,12:45,Student 47 arrives at booth 5,1
2,12:45,Student 17 departs at booth 16,0
2,12:46,Student 78 departs Art Fair,NA
2,12:46,Student 13 departs at booth 13,0
2,12:48,Student 17 departs Art Fair,NA
2,12:48,Student 55 arrives at booth 11,1
2,12:48,Student 61 arrives Art Fair,NA
2,12:48,Student 91 departs at booth 6,0
2,12:49,Student 13 arrives at booth 19,1
2,12:49,Student 61 arrives at booth 1,1
2,12:49,Student 91 arrives at booth 7,1
2,12:49,Student 47 departs at booth 5,0
2,12:49,Student 55 departs at booth 11,0
2,12:49,Student 47 arrives at booth 6,1
2,12:50,Student 51 arrives Art Fair,NA
2,12:51,Student 51 arrives at booth 1,1
2,12:51,Student 61 departs at booth 1,1
2,12:53,Student 55 arrives at booth 20,1
2,12:53,Student 61 arrives at booth 6,1
2,12:53,Student 51 departs at booth 1,0
2,12:54,Student 51 arrives at booth 4,1
2,12:54,Student 29 departs at booth 4,1
2,12:54,Student 47 departs at booth 6,1
2,12:54,Student 13 departs at booth 19,0
2,12:54,Student 13 arrives at booth 20,1
2,12:57,Student 1 arrives Art Fair,NA
2,12:57,Student 91 departs at booth 7,0
2,12:58,Student 29 arrives at booth 12,1
2,12:58,Student 91 arrives at booth 10,1
2,12:58,Student 55 departs at booth 20,1
2,12:59,Student 1 arrives at booth 3,1
2,12:59,Student 55 departs Art Fair,NA
2,12:59,Student 61 departs at booth 6,0
2,13:00,Student 61 arrives at booth 7,1
2,13:00,Student 91 departs at booth 10,0
2,13:01,Student 47 arrives at booth 20,1
2,13:01,Student 91 arrives at booth 11,1
2,13:01,Student 1 departs at booth 3,0
2,13:02,Student 1 arrives at booth 5,1
2,13:02,Student 91 departs at booth 11,0
2,13:03,Student 11 arrives Art Fair,NA
2,13:03,Student 13 departs at booth 20,1
2,13:04,Student 11 arrives at booth 1,1
2,13:04,Student 13 departs Art Fair,NA
2,13:04,Student 51 departs at booth 4,0
2,13:05,Student 30 arrives Art Fair,NA
2,13:05,Student 91 arrives at booth 18,1
2,13:05,Student 29 departs at booth 12,0
2,13:06,Student 29 arrives at booth 14,1
2,13:06,Student 51 arrives at booth 8,1
2,13:06,Student 11 departs at booth 1,0
2,13:06,Student 1 departs at booth 5,0
2,13:07,Student 30 arrives at booth 4,1
2,13:07,Student 29 departs at booth 14,0
2,13:07,Student 91 departs at booth 18,0
2,13:08,Student 61 departs at booth 7,0
2,13:08,Student 47 departs at booth 20,0
2,13:09,Student 29 arrives at booth 17,1
2,13:09,Student 47 departs Art Fair,NA
2,13:09,Student 91 departs Art Fair,NA
2,13:10,Student 1 arrives at booth 13,1
2,13:10,Student 11 arrives at booth 10,1
2,13:10,Student 51 departs at booth 8,0
2,13:11,Student 16 arrives Art Fair,NA
2,13:12,Student 16 arrives at booth 2,1
2,13:12,Student 61 departs Art Fair,NA
2,13:12,Student 11 departs at booth 10,0
2,13:12,Student 29 departs at booth 17,0
2,13:13,Student 11 arrives at booth 11,1
2,13:13,Student 29 arrives at booth 20,1
2,13:13,Student 31 arrives Art Fair,NA
2,13:13,Student 1 departs at booth 13,0
2,13:14,Student 1 arrives at booth 16,1
2,13:14,Student 11 departs at booth 11,0
2,13:15,Student 51 arrives at booth 18,1
2,13:16,Student 31 arrives at booth 5,1
2,13:16,Student 1 departs at booth 16,0
2,13:17,Student 30 departs at booth 4,0
2,13:17,Student 51 departs at booth 18,0
2,13:18,Student 51 arrives at booth 20,1
2,13:18,Student 29 departs at booth 20,1
2,13:19,Student 1 departs Art Fair,NA
2,13:19,Student 11 departs Art Fair,NA
2,13:19,Student 29 departs Art Fair,NA
2,13:19,Student 30 arrives at booth 7,1
2,13:19,Student 63 arrives Art Fair,NA
2,13:20,Student 36 arrives Art Fair,NA
2,13:20,Student 63 arrives at booth 1,1
2,13:20,Student 31 departs at booth 5,0
2,13:20,Student 31 arrives at booth 6,1
2,13:22,Student 63 departs at booth 1,0
2,13:22,Student 16 departs at booth 2,0
2,13:23,Student 16 arrives at booth 4,1
2,13:23,Student 36 arrives at booth 5,1
2,13:23,Student 63 arrives at booth 3,1
2,13:23,Student 51 departs at booth 20,0
2,13:24,Student 51 departs Art Fair,NA
2,13:25,Student 63 departs at booth 3,0
2,13:25,Student 31 departs at booth 6,0
2,13:27,Student 31 arrives at booth 9,1
2,13:27,Student 36 departs at booth 5,0
2,13:27,Student 30 departs at booth 7,0
2,13:27,Student 36 arrives at booth 6,1
2,13:28,Student 30 arrives at booth 10,1
2,13:28,Student 63 arrives at booth 9,1
2,13:29,Student 31 departs at booth 9,1
2,13:30,Student 31 arrives at booth 11,1
2,13:30,Student 30 departs at booth 10,0
2,13:31,Student 63 departs at booth 9,0
2,13:31,Student 31 departs at booth 11,0
2,13:31,Student 63 arrives at booth 10,1
2,13:32,Student 30 arrives at booth 14,1
2,13:32,Student 36 departs at booth 6,0
2,13:33,Student 31 arrives at booth 16,1
2,13:33,Student 16 departs at booth 4,0
2,13:33,Student 63 departs at booth 10,0
2,13:33,Student 30 departs at booth 14,0
2,13:34,Student 30 arrives at booth 16,1
2,13:35,Student 63 arrives at booth 13,1
2,13:35,Student 31 departs at booth 16,1
2,13:37,Student 30 departs at booth 16,0
2,13:38,Student 31 departs Art Fair,NA
2,13:38,Student 63 departs at booth 13,0
2,13:39,Student 36 arrives at booth 20,1
2,13:40,Student 16 arrives at booth 17,1
2,13:40,Student 30 departs Art Fair,NA
2,13:41,Student 63 arrives at booth 20,1
2,13:43,Student 16 departs at booth 17,0
2,13:44,Student 8 arrives Art Fair,NA
2,13:44,Student 36 departs at booth 20,1
2,13:45,Student 16 departs Art Fair,NA
2,13:45,Student 36 departs Art Fair,NA
2,13:47,Student 8 arrives at booth 6,1
2,13:49,Student 63 departs at booth 20,0
2,13:50,Student 63 departs Art Fair,NA
2,13:51,Student 32 arrives Art Fair,NA
2,13:52,Student 8 departs at booth 6,0
2,13:53,Student 8 arrives at booth 7,1
2,13:53,Student 32 arrives at booth 4,1
2,13:57,Student 9 arrives Art Fair,NA
2,13:57,Student 19 arrives Art Fair,NA
2,13:58,Student 9 arrives at booth 2,1
2,13:58,Student 19 arrives at booth 2,2
2,13:59,Student 41 arrives Art Fair,NA
2,14:00,Student 41 arrives at booth 1,1
2,14:01,Student 8 departs at booth 7,0
2,14:02,Student 8 arrives at booth 9,1
2,14:02,Student 41 departs at booth 1,0
2,14:03,Student 53 arrives Art Fair,NA
2,14:03,Student 32 departs at booth 4,0
2,14:04,Student 41 arrives at booth 6,1
2,14:04,Student 43 arrives Art Fair,NA
2,14:04,Student 8 departs at booth 9,0
2,14:05,Student 53 arrives at booth 4,1
2,14:06,Student 43 arrives at booth 3,1
2,14:06,Student 89 arrives Art Fair,NA
2,14:07,Student 8 arrives at booth 15,1
2,14:08,Student 9 departs at booth 2,1
2,14:08,Student 43 departs at booth 3,0
2,14:09,Student 9 arrives at booth 4,1
2,14:09,Student 32 arrives at booth 16,1
2,14:09,Student 41 departs at booth 6,0
2,14:10,Student 89 arrives at booth 8,1
2,14:11,Student 41 arrives at booth 9,1
2,14:11,Student 43 arrives at booth 10,1
2,14:11,Student 32 departs at booth 16,0
2,14:12,Student 32 arrives at booth 18,1
2,14:13,Student 41 departs at booth 9,0
2,14:13,Student 43 departs at booth 10,0
2,14:14,Student 89 departs at booth 8,0
2,14:14,Student 32 departs at booth 18,0
2,14:15,Student 32 arrives at booth 20,1
2,14:15,Student 53 departs at booth 4,1
2,14:16,Student 2 arrives Art Fair,NA
2,14:16,Student 41 arrives at booth 15,1
2,14:16,Student 89 arrives at booth 12,1
2,14:17,Student 2 arrives at booth 2,1
2,14:17,Student 8 departs at booth 15,1
2,14:18,Student 43 arrives at booth 20,1
2,14:18,Student 19 departs at booth 2,1
2,14:19,Student 53 arrives at booth 12,1
2,14:19,Student 97 arrives Art Fair,NA
2,14:20,Student 8 departs Art Fair,NA
2,14:20,Student 19 arrives at booth 5,1
2,14:20,Student 97 arrives at booth 1,1
2,14:20,Student 32 departs at booth 20,1
2,14:21,Student 32 departs Art Fair,NA
2,14:22,Student 97 departs at booth 1,0
2,14:23,Student 97 arrives at booth 4,1
2,14:23,Student 89 departs at booth 12,1
2,14:24,Student 54 arrives Art Fair,NA
2,14:24,Student 19 departs at booth 5,0
2,14:25,Student 89 arrives at booth 15,1
2,14:25,Student 9 departs at booth 4,1
2,14:25,Student 43 departs at booth 20,0
2,14:26,Student 43 departs Art Fair,NA
2,14:27,Student 9 arrives at booth 8,1
2,14:27,Student 19 arrives at booth 11,1
2,14:27,Student 82 arrives Art Fair,NA
2,14:27,Student 41 departs at booth 15,1
2,14:28,Student 41 arrives at booth 18,1
2,14:28,Student 46 arrives Art Fair,NA
2,14:28,Student 62 arrives Art Fair,NA
2,14:28,Student 82 arrives at booth 2,1
2,14:28,Student 2 departs at booth 2,1
2,14:28,Student 19 departs at booth 11,0
2,14:29,Student 46 arrives at booth 2,1
2,14:29,Student 54 arrives at booth 10,1
2,14:30,Student 37 arrives Art Fair,NA
2,14:30,Student 53 departs at booth 12,0
2,14:30,Student 41 departs at booth 18,0
2,14:31,Student 2 arrives at booth 8,1
2,14:31,Student 41 arrives at booth 19,1
2,14:31,Student 9 departs at booth 8,1
2,14:31,Student 54 departs at booth 10,0
2,14:32,Student 9 arrives at booth 9,1
2,14:32,Student 19 arrives at booth 19,1
2,14:32,Student 21 arrives Art Fair,NA
2,14:32,Student 37 arrives at booth 3,1
2,14:32,Student 53 arrives at booth 16,1
2,14:32,Student 54 arrives at booth 11,1
2,14:33,Student 54 departs at booth 11,0
2,14:34,Student 62 arrives at booth 11,1
2,14:34,Student 37 departs at booth 3,0
2,14:34,Student 9 departs at booth 9,0
2,14:34,Student 53 departs at booth 16,0
2,14:35,Student 9 arrives at booth 11,1
2,14:35,Student 54 arrives at booth 16,1
2,14:35,Student 97 departs at booth 4,0
2,14:35,Student 2 departs at booth 8,0
2,14:35,Student 62 departs at booth 11,1
2,14:36,Student 2 arrives at booth 10,1
2,14:36,Student 21 arrives at booth 7,1
2,14:36,Student 53 arrives at booth 20,1
2,14:36,Student 62 arrives at booth 14,1
2,14:36,Student 97 arrives at booth 5,1
2,14:36,Student 9 departs at booth 11,0
2,14:36,Student 41 departs at booth 19,1
2,14:37,Student 6 arrives Art Fair,NA
2,14:37,Student 41 departs Art Fair,NA
2,14:37,Student 62 departs at booth 14,0
2,14:37,Student 89 departs at booth 15,0
2,14:37,Student 54 departs at booth 16,0
2,14:38,Student 25 arrives Art Fair,NA
2,14:38,Student 37 arrives at booth 12,1
2,14:38,Student 56 arrives Art Fair,NA
2,14:38,Student 89 arrives at booth 17,1
2,14:38,Student 82 departs at booth 2,1
2,14:38,Student 2 departs at booth 10,0
2,14:39,Student 54 arrives at booth 19,1
2,14:39,Student 56 arrives at booth 2,1
2,14:40,Student 6 arrives at booth 6,1
2,14:40,Student 62 arrives at booth 20,1
2,14:40,Student 82 arrives at booth 5,1
2,14:40,Student 97 departs at booth 5,1
2,14:41,Student 9 departs Art Fair,NA
2,14:41,Student 25 arrives at booth 6,1
2,14:41,Student 89 departs at booth 17,0
2,14:41,Student 19 departs at booth 19,1
2,14:41,Student 53 departs at booth 20,1
2,14:41,Student 89 arrives at booth 18,1
2,14:42,Student 2 arrives at booth 18,1
2,14:42,Student 19 departs Art Fair,NA
2,14:42,Student 33 arrives Art Fair,NA
2,14:42,Student 53 departs Art Fair,NA
2,14:42,Student 100 arrives Art Fair,NA
2,14:43,Student 97 arrives at booth 12,1
2,14:43,Student 89 departs at booth 18,1
2,14:44,Student 5 arrives Art Fair,NA
2,14:44,Student 82 departs at booth 5,0
2,14:44,Student 21 departs at booth 7,0
2,14:45,Student 5 arrives at booth 1,1
2,14:45,Student 89 departs Art Fair,NA
2,14:45,Student 6 departs at booth 6,1
2,14:45,Student 37 departs at booth 12,1
2,14:45,Student 2 departs at booth 18,0
2,14:46,Student 6 arrives at booth 8,1
2,14:46,Student 21 arrives at booth 11,1
2,14:46,Student 33 arrives at booth 8,2
2,14:46,Student 37 arrives at booth 13,1
2,14:46,Student 64 arrives Art Fair,NA
2,14:46,Student 82 arrives at booth 10,1
2,14:46,Student 54 departs at booth 19,0
2,14:46,Student 62 departs at booth 20,0
2,14:47,Student 2 departs Art Fair,NA
2,14:47,Student 54 departs Art Fair,NA
2,14:47,Student 62 departs Art Fair,NA
2,14:47,Student 100 arrives at booth 10,1
2,14:47,Student 5 departs at booth 1,0
2,14:47,Student 21 departs at booth 11,0
2,14:48,Student 21 arrives at booth 14,1
2,14:48,Student 64 arrives at booth 4,1
2,14:48,Student 87 arrives Art Fair,NA
2,14:48,Student 46 departs at booth 2,1
2,14:48,Student 82 departs at booth 10,1
2,14:49,Student 46 arrives at booth 4,1
2,14:49,Student 37 departs at booth 13,0
2,14:49,Student 21 departs at booth 14,0
2,14:50,Student 5 arrives at booth 7,1
2,14:50,Student 25 departs at booth 6,0
2,14:50,Student 6 departs at booth 8,1
2,14:50,Student 100 departs at booth 10,0
2,14:51,Student 6 arrives at booth 9,1
2,14:51,Student 21 arrives at booth 17,1
2,14:51,Student 25 arrives at booth 7,1
2,14:51,Student 82 arrives at booth 16,1
2,14:51,Student 87 arrives at booth 5,1
2,14:51,Student 100 arrives at booth 11,1
2,14:52,Student 37 arrives at booth 20,1
2,14:52,Student 76 arrives Art Fair,NA
2,14:52,Student 100 departs at booth 11,0
2,14:52,Student 97 departs at booth 12,0
2,14:52,Student 100 arrives at booth 12,1
2,14:53,Student 76 arrives at booth 2,1
2,14:53,Student 97 arrives at booth 13,1
2,14:53,Student 6 departs at booth 9,0
2,14:53,Student 82 departs at booth 16,0
2,14:53,Student 6 arrives at booth 10,1
2,14:54,Student 10 arrives Art Fair,NA
2,14:54,Student 82 arrives at booth 17,1
2,14:54,Student 33 departs at booth 8,0
2,14:54,Student 21 departs at booth 17,1
2,14:55,Student 10 arrives at booth 1,1
2,14:55,Student 87 departs at booth 5,0
2,14:55,Student 6 departs at booth 10,0
2,14:56,Student 21 departs Art Fair,NA
2,14:56,Student 97 departs at booth 13,0
2,14:57,Student 6 arrives at booth 14,1
2,14:57,Student 33 arrives at booth 14,2
2,14:57,Student 87 arrives at booth 9,1
2,14:57,Student 10 departs at booth 1,0
2,14:57,Student 82 departs at booth 17,0
2,14:57,Student 37 departs at booth 20,0
2,14:58,Student 37 departs Art Fair,NA
2,14:58,Student 97 arrives at booth 17,1
2,14:58,Student 56 departs at booth 2,1
2,14:58,Student 64 departs at booth 4,1
2,14:58,Student 5 departs at booth 7,1
2,14:58,Student 6 departs at booth 14,1
2,14:59,Student 5 arrives at booth 10,1
2,14:59,Student 6 arrives at booth 15,1
2,14:59,Student 82 departs Art Fair,NA
2,14:59,Student 87 departs at booth 9,0
2,14:59,Student 100 departs at booth 12,0
2,14:59,Student 33 departs at booth 14,0
2,15:00,Student 64 arrives at booth 7,1
2,15:00,Student 87 arrives at booth 11,1
2,15:00,Student 100 arrives at booth 13,1
2,15:01,Student 10 arrives at booth 10,1
2,15:01,Student 33 arrives at booth 17,1
2,15:01,Student 56 arrives at booth 8,1
2,15:01,Student 5 departs at booth 10,1
2,15:01,Student 87 departs at booth 11,0
2,15:01,Student 97 departs at booth 17,1
2,15:03,Student 97 departs Art Fair,NA
2,15:03,Student 10 departs at booth 10,0
2,15:03,Student 100 departs at booth 13,0
2,15:03,Student 100 arrives at booth 14,1
2,15:04,Student 87 arrives at booth 17,1
2,15:04,Student 100 departs at booth 14,0
2,15:04,Student 33 departs at booth 17,1
2,15:05,Student 5 arrives at booth 17,1
2,15:05,Student 100 arrives at booth 15,1
2,15:05,Student 56 departs at booth 8,0
2,15:06,Student 10 arrives at booth 15,2
2,15:06,Student 33 departs Art Fair,NA
2,15:06,Student 25 departs at booth 7,1
2,15:07,Student 87 departs at booth 17,1
2,15:08,Student 25 arrives at booth 11,1
2,15:08,Student 76 departs at booth 2,0
2,15:08,Student 46 departs at booth 4,0
2,15:09,Student 46 arrives at booth 6,1
2,15:09,Student 56 arrives at booth 16,1
2,15:09,Student 87 departs Art Fair,NA
2,15:09,Student 25 departs at booth 11,0
2,15:09,Student 6 departs at booth 15,2
2,15:10,Student 76 arrives at booth 5,1
2,15:10,Student 5 departs at booth 17,0
2,15:11,Student 5 arrives at booth 19,1
2,15:11,Student 56 departs at booth 16,0
2,15:12,Student 6 departs Art Fair,NA
2,15:12,Student 56 arrives at booth 17,1
2,15:13,Student 25 arrives at booth 20,1
2,15:13,Student 49 arrives Art Fair,NA
2,15:13,Student 79 arrives Art Fair,NA
2,15:14,Student 76 departs at booth 5,0
2,15:14,Student 46 departs at booth 6,0
2,15:14,Student 64 departs at booth 7,0
2,15:15,Student 28 arrives Art Fair,NA
2,15:15,Student 46 arrives at booth 7,1
2,15:15,Student 64 arrives at booth 9,1
2,15:15,Student 76 arrives at booth 8,1
2,15:15,Student 79 arrives at booth 4,1
2,15:15,Student 56 departs at booth 17,0
2,15:15,Student 56 arrives at booth 18,1
2,15:16,Student 49 arrives at booth 6,1
2,15:16,Student 74 arrives Art Fair,NA
2,15:16,Student 5 departs at booth 19,0
2,15:17,Student 5 departs Art Fair,NA
2,15:17,Student 64 departs at booth 9,0
2,15:17,Student 56 departs at booth 18,0
2,15:18,Student 56 arrives at booth 20,1
2,15:18,Student 74 arrives at booth 4,1
2,15:18,Student 25 departs at booth 20,1
2,15:19,Student 25 departs Art Fair,NA
2,15:19,Student 28 arrives at booth 7,1
2,15:19,Student 76 departs at booth 8,0
2,15:19,Student 100 departs at booth 15,1
2,15:20,Student 64 arrives at booth 16,1
2,15:21,Student 49 departs at booth 6,0
2,15:22,Student 76 arrives at booth 14,1
2,15:22,Student 100 departs Art Fair,NA
2,15:22,Student 64 departs at booth 16,0
2,15:23,Student 49 arrives at booth 9,1
2,15:23,Student 46 departs at booth 7,1
2,15:23,Student 76 departs at booth 14,0
2,15:23,Student 56 departs at booth 20,0
2,15:23,Student 46 arrives at booth 8,1
2,15:24,Student 56 departs Art Fair,NA
2,15:25,Student 64 departs Art Fair,NA
2,15:25,Student 79 departs at booth 4,1
2,15:25,Student 49 departs at booth 9,0
2,15:26,Student 76 arrives at booth 19,1
2,15:27,Student 49 arrives at booth 13,1
2,15:27,Student 79 arrives at booth 7,1
2,15:27,Student 46 departs at booth 8,0
2,15:29,Student 46 arrives at booth 11,1
2,15:29,Student 10 departs at booth 15,0
2,15:30,Student 46 departs at booth 11,0
2,15:30,Student 49 departs at booth 13,0
2,15:31,Student 28 departs at booth 7,1
2,15:31,Student 76 departs at booth 19,0
2,15:31,Student 28 arrives at booth 8,1
2,15:31,Student 76 arrives at booth 20,1
2,15:32,Student 10 departs Art Fair,NA
2,15:32,Student 49 arrives at booth 17,1
2,15:34,Student 86 arrives Art Fair,NA
2,15:35,Student 46 departs Art Fair,NA
2,15:35,Student 86 arrives at booth 2,1
2,15:35,Student 74 departs at booth 4,0
2,15:35,Student 28 departs at booth 8,0
2,15:35,Student 49 departs at booth 17,0
2,15:35,Student 49 arrives at booth 18,1
2,15:36,Student 28 arrives at booth 10,1
2,15:36,Student 76 departs at booth 20,0
2,15:37,Student 76 departs Art Fair,NA
2,15:37,Student 49 departs at booth 18,0
2,15:38,Student 74 arrives at booth 10,1
2,15:38,Student 95 arrives Art Fair,NA
2,15:38,Student 28 departs at booth 10,1
2,15:39,Student 49 departs Art Fair,NA
2,15:39,Student 95 arrives at booth 2,1
2,15:39,Student 79 departs at booth 7,0
2,15:40,Student 28 arrives at booth 13,1
2,15:40,Student 74 departs at booth 10,0
2,15:41,Student 74 arrives at booth 11,1
2,15:42,Student 74 departs at booth 11,0
2,15:43,Student 22 arrives Art Fair,NA
2,15:43,Student 71 arrives Art Fair,NA
2,15:43,Student 79 arrives at booth 16,1
2,15:43,Student 28 departs at booth 13,0
2,15:44,Student 22 arrives at booth 2,2
2,15:44,Student 28 arrives at booth 15,1
2,15:45,Student 74 arrives at booth 18,1
2,15:45,Student 86 departs at booth 2,2
2,15:45,Student 79 departs at booth 16,0
2,15:46,Student 24 arrives Art Fair,NA
2,15:46,Student 86 arrives at booth 3,1
2,15:47,Student 24 arrives at booth 1,1
2,15:47,Student 71 arrives at booth 7,1
2,15:47,Student 79 arrives at booth 19,1
2,15:47,Student 74 departs at booth 18,0
2,15:48,Student 7 arrives Art Fair,NA
2,15:48,Student 74 arrives at booth 20,1
2,15:48,Student 86 departs at booth 3,0
2,15:49,Student 86 arrives at booth 5,1
2,15:49,Student 24 departs at booth 1,0
2,15:50,Student 24 arrives at booth 4,1
2,15:52,Student 79 departs at booth 19,0
2,15:53,Student 7 arrives at booth 9,1
2,15:53,Student 79 departs Art Fair,NA
2,15:53,Student 86 departs at booth 5,0
2,15:53,Student 74 departs at booth 20,0
2,15:54,Student 44 arrives Art Fair,NA
2,15:54,Student 74 departs Art Fair,NA
2,15:54,Student 28 departs at booth 15,0
2,15:54,Student 28 arrives at booth 16,1
2,15:55,Student 95 departs at booth 2,1
2,15:55,Student 71 departs at booth 7,0
2,15:55,Student 7 departs at booth 9,0
2,15:55,Student 71 arrives at booth 8,1
2,15:56,Student 44 arrives at booth 3,1
2,15:56,Student 68 arrives Art Fair,NA
2,15:56,Student 86 departs Art Fair,NA
2,15:56,Student 95 arrives at booth 4,1
2,15:56,Student 28 departs at booth 16,0
2,15:57,Student 68 arrives at booth 2,1
2,15:58,Student 44 departs at booth 3,0
2,15:59,Student 7 arrives at booth 17,1
2,15:59,Student 28 departs Art Fair,NA
2,15:59,Student 44 arrives at booth 5,1
2,15:59,Student 71 departs at booth 8,0
2,16:00,Student 24 departs at booth 4,1
2,16:01,Student 71 arrives at booth 12,1
2,16:02,Student 7 departs at booth 17,0
2,16:02,Student 7 arrives at booth 18,1
2,16:03,Student 24 arrives at booth 9,1
2,16:03,Student 34 arrives Art Fair,NA
2,16:03,Student 44 departs at booth 5,0
2,16:04,Student 34 arrives at booth 1,1
2,16:04,Student 44 arrives at booth 8,1
2,16:04,Student 80 arrives Art Fair,NA
2,16:04,Student 7 departs at booth 18,0
2,16:05,Student 80 arrives at booth 2,2
2,16:05,Student 22 departs at booth 2,2
2,16:05,Student 24 departs at booth 9,0
2,16:06,Student 7 departs Art Fair,NA
2,16:06,Student 22 arrives at booth 3,1
2,16:06,Student 34 departs at booth 1,0
2,16:06,Student 34 arrives at booth 2,2
2,16:07,Student 24 arrives at booth 13,1
2,16:07,Student 35 arrives Art Fair,NA
2,16:07,Student 90 arrives Art Fair,NA
2,16:08,Student 90 arrives at booth 1,1
2,16:08,Student 22 departs at booth 3,0
2,16:08,Student 44 departs at booth 8,0
2,16:08,Student 71 departs at booth 12,0
2,16:10,Student 20 arrives Art Fair,NA
2,16:10,Student 22 arrives at booth 7,1
2,16:10,Student 35 arrives at booth 5,1
2,16:10,Student 90 departs at booth 1,0
2,16:10,Student 95 departs at booth 4,0
2,16:10,Student 24 departs at booth 13,0
2,16:11,Student 14 arrives Art Fair,NA
2,16:11,Student 95 arrives at booth 6,1
2,16:12,Student 20 arrives at booth 3,1
2,16:12,Student 44 departs Art Fair,NA
2,16:13,Student 14 arrives at booth 4,1
2,16:13,Student 24 arrives at booth 20,1
2,16:13,Student 71 departs Art Fair,NA
2,16:13,Student 90 arrives at booth 7,1
2,16:14,Student 20 departs at booth 3,0
2,16:14,Student 35 departs at booth 5,0
2,16:15,Student 68 departs at booth 2,2
2,16:16,Student 20 arrives at booth 7,2
2,16:16,Student 35 arrives at booth 9,1
2,16:16,Student 95 departs at booth 6,0
2,16:17,Student 4 arrives Art Fair,NA
2,16:17,Student 68 arrives at booth 6,1
2,16:18,Student 22 departs at booth 7,2
2,16:18,Student 35 departs at booth 9,0
2,16:18,Student 24 departs at booth 20,0
2,16:19,Student 22 arrives at booth 9,1
2,16:19,Student 24 departs Art Fair,NA
2,16:19,Student 26 arrives Art Fair,NA
2,16:19,Student 35 arrives at booth 12,1
2,16:19,Student 95 arrives at booth 11,1
2,16:20,Student 4 arrives at booth 6,1
2,16:20,Student 26 arrives at booth 1,1
2,16:20,Student 39 arrives Art Fair,NA
2,16:20,Student 95 departs at booth 11,0
2,16:21,Student 50 arrives Art Fair,NA
2,16:21,Student 22 departs at booth 9,0
2,16:22,Student 50 arrives at booth 1,1
2,16:22,Student 26 departs at booth 1,1
2,16:22,Student 68 departs at booth 6,1
2,16:22,Student 26 arrives at booth 2,2
2,16:23,Student 22 arrives at booth 13,1
2,16:23,Student 14 departs at booth 4,0
2,16:24,Student 39 arrives at booth 8,1
2,16:24,Student 68 arrives at booth 9,1
2,16:24,Student 50 departs at booth 1,0
2,16:24,Student 50 arrives at booth 2,3
2,16:25,Student 14 arrives at booth 7,2
2,16:25,Student 95 departs Art Fair,NA
2,16:25,Student 80 departs at booth 2,3
2,16:26,Student 90 departs at booth 7,2
2,16:26,Student 68 departs at booth 9,0
2,16:26,Student 35 departs at booth 12,0
2,16:26,Student 22 departs at booth 13,0
2,16:27,Student 22 arrives at booth 16,1
2,16:27,Student 35 arrives at booth 13,1
2,16:27,Student 80 arrives at booth 5,1
2,16:27,Student 90 arrives at booth 9,1
2,16:27,Student 4 departs at booth 6,0
2,16:28,Student 4 arrives at booth 8,1
2,16:28,Student 39 departs at booth 8,1
2,16:29,Student 39 arrives at booth 10,1
2,16:29,Student 57 arrives Art Fair,NA
2,16:29,Student 68 arrives at booth 16,1
2,16:29,Student 90 departs at booth 9,0
2,16:29,Student 22 departs at booth 16,1
2,16:30,Student 57 arrives at booth 1,1
2,16:30,Student 35 departs at booth 13,0
2,16:31,Student 35 arrives at booth 15,1
2,16:31,Student 80 departs at booth 5,0
2,16:31,Student 39 departs at booth 10,0
2,16:31,Student 68 departs at booth 16,0
2,16:32,Student 22 departs Art Fair,NA
2,16:32,Student 57 departs at booth 1,0
2,16:32,Student 4 departs at booth 8,0
2,16:33,Student 39 arrives at booth 13,1
2,16:33,Student 57 arrives at booth 4,1
2,16:33,Student 90 arrives at booth 18,1
2,16:34,Student 4 arrives at booth 11,1
2,16:34,Student 68 departs Art Fair,NA
2,16:34,Student 80 arrives at booth 12,1
2,16:34,Student 20 departs at booth 7,1
2,16:35,Student 34 departs at booth 2,2
2,16:35,Student 4 departs at booth 11,0
2,16:35,Student 90 departs at booth 18,0
2,16:36,Student 4 arrives at booth 13,1
2,16:36,Student 72 arrives Art Fair,NA
2,16:36,Student 90 arrives at booth 19,1
2,16:36,Student 39 departs at booth 13,1
2,16:37,Student 12 arrives Art Fair,NA
2,16:37,Student 20 arrives at booth 13,1
2,16:37,Student 96 arrives Art Fair,NA
2,16:38,Student 77 arrives Art Fair,NA
2,16:38,Student 96 arrives at booth 2,2
2,16:39,Student 12 arrives at booth 3,1
2,16:39,Student 39 arrives at booth 20,1
2,16:39,Student 4 departs at booth 13,1
2,16:40,Student 34 arrives at booth 11,1
2,16:40,Student 72 arrives at booth 7,1
2,16:41,Student 4 arrives at booth 17,1
2,16:41,Student 12 departs at booth 3,0
2,16:41,Student 34 departs at booth 11,0
2,16:41,Student 80 departs at booth 12,0
2,16:41,Student 35 departs at booth 15,0
2,16:41,Student 90 departs at booth 19,0
2,16:42,Student 59 arrives Art Fair,NA
2,16:42,Student 77 arrives at booth 8,1
2,16:42,Student 90 departs Art Fair,NA
2,16:42,Student 14 departs at booth 7,1
2,16:42,Student 20 departs at booth 13,0
2,16:42,Student 20 arrives at booth 14,1
2,16:43,Student 14 arrives at booth 10,1
2,16:43,Student 34 arrives at booth 15,1
2,16:43,Student 35 arrives at booth 20,1
2,16:43,Student 57 departs at booth 4,0
2,16:43,Student 20 departs at booth 14,0
2,16:44,Student 12 arrives at booth 10,1
2,16:44,Student 57 arrives at booth 5,1
2,16:44,Student 75 arrives Art Fair,NA
2,16:44,Student 80 arrives at booth 18,1
2,16:44,Student 4 departs at booth 17,0
2,16:44,Student 39 departs at booth 20,1
2,16:45,Student 4 arrives at booth 20,1
2,16:45,Student 39 departs Art Fair,NA
2,16:45,Student 75 arrives at booth 2,3
2,16:45,Student 26 departs at booth 2,3
2,16:45,Student 14 departs at booth 10,1
2,16:46,Student 14 arrives at booth 12,1
2,16:46,Student 26 arrives at booth 3,1
2,16:46,Student 59 arrives at booth 8,1
2,16:46,Student 77 departs at booth 8,1
2,16:46,Student 80 departs at booth 18,0
2,16:47,Student 20 departs Art Fair,NA
2,16:47,Student 80 arrives at booth 20,2
2,16:47,Student 12 departs at booth 10,0
2,16:48,Student 77 arrives at booth 11,1
2,16:48,Student 26 departs at booth 3,0
2,16:48,Student 57 departs at booth 5,0
2,16:49,Student 77 departs at booth 11,0
2,16:49,Student 35 departs at booth 20,2
2,16:50,Student 35 departs Art Fair,NA
2,16:50,Student 57 arrives at booth 10,1
2,16:50,Student 77 arrives at booth 14,1
2,16:50,Student 72 departs at booth 7,0
2,16:50,Student 59 departs at booth 8,0
2,16:51,Student 59 arrives at booth 10,1
2,16:51,Student 72 arrives at booth 10,2
2,16:51,Student 77 departs at booth 14,0
2,16:52,Student 12 arrives at booth 20,2
2,16:52,Student 57 departs at booth 10,2
2,16:53,Student 14 departs at booth 12,0
2,16:53,Student 34 departs at booth 15,0
2,16:54,Student 26 arrives at booth 15,1
2,16:54,Student 34 arrives at booth 18,1
2,16:54,Student 59 departs at booth 10,1
2,16:54,Student 4 departs at booth 20,2
2,16:55,Student 4 departs Art Fair,NA
2,16:55,Student 14 arrives at booth 15,1
2,16:55,Student 59 arrives at booth 12,1
2,16:55,Student 77 departs Art Fair,NA
2,16:55,Student 50 departs at booth 2,2
2,16:56,Student 57 arrives at booth 17,1
2,16:56,Student 72 departs at booth 10,0
2,16:56,Student 34 departs at booth 18,0
2,16:57,Student 34 arrives at booth 20,2
2,16:57,Student 72 arrives at booth 11,1
2,16:58,Student 72 departs at booth 11,0
2,16:59,Student 50 arrives at booth 9,1
2,16:59,Student 57 departs at booth 17,0
2,16:59,Student 80 departs at booth 20,2
2,17:00,Student 40 arrives Art Fair,NA
2,17:00,Student 57 arrives at booth 20,2
2,17:00,Student 80 departs Art Fair,NA
2,17:01,Student 88 arrives Art Fair,NA
2,17:01,Student 50 departs at booth 9,0
2,17:02,Student 88 arrives at booth 1,1
2,17:02,Student 59 departs at booth 12,0
2,17:03,Student 18 arrives Art Fair,NA
2,17:03,Student 50 arrives at booth 13,1
2,17:03,Student 72 departs Art Fair,NA
2,17:03,Student 84 arrives Art Fair,NA
2,17:04,Student 18 arrives at booth 2,2
2,17:04,Student 88 departs at booth 1,0
2,17:04,Student 26 departs at booth 15,1
2,17:04,Student 12 departs at booth 20,2
2,17:04,Student 88 arrives at booth 2,3
2,17:05,Student 12 departs Art Fair,NA
2,17:05,Student 27 arrives Art Fair,NA
2,17:05,Student 84 arrives at booth 3,1
2,17:05,Student 96 departs at booth 2,3
2,17:06,Student 26 arrives at booth 20,2
2,17:06,Student 27 arrives at booth 2,3
2,17:06,Student 50 departs at booth 13,0
2,17:06,Student 50 arrives at booth 14,1
2,17:07,Student 59 departs Art Fair,NA
2,17:07,Student 96 arrives at booth 6,1
2,17:07,Student 84 departs at booth 3,0
2,17:07,Student 50 departs at booth 14,0
2,17:08,Student 40 arrives at booth 15,1
2,17:09,Student 84 arrives at booth 7,1
2,17:09,Student 34 departs at booth 20,2
2,17:10,Student 34 departs Art Fair,NA
2,17:10,Student 98 arrives Art Fair,NA
2,17:11,Student 50 departs Art Fair,NA
2,17:12,Student 98 arrives at booth 3,1
2,17:12,Student 96 departs at booth 6,0
2,17:13,Student 38 arrives Art Fair,NA
2,17:14,Student 38 arrives at booth 1,1
2,17:14,Student 70 arrives Art Fair,NA
2,17:14,Student 98 departs at booth 3,0
2,17:14,Student 14 departs at booth 15,1
2,17:14,Student 57 departs at booth 20,1
2,17:15,Student 57 departs Art Fair,NA
2,17:15,Student 98 arrives at booth 6,1
2,17:15,Student 99 arrives Art Fair,NA
2,17:15,Student 75 departs at booth 2,3
2,17:16,Student 14 arrives at booth 19,1
2,17:16,Student 65 arrives Art Fair,NA
2,17:16,Student 96 arrives at booth 13,1
2,17:16,Student 99 arrives at booth 1,1
2,17:16,Student 38 departs at booth 1,1
2,17:17,Student 38 arrives at booth 3,1
2,17:17,Student 75 arrives at booth 6,1
2,17:17,Student 94 arrives Art Fair,NA
2,17:17,Student 84 departs at booth 7,0
2,17:18,Student 65 arrives at booth 3,1
2,17:18,Student 70 arrives at booth 7,1
2,17:18,Student 99 departs at booth 1,0
2,17:19,Student 99 arrives at booth 3,2
2,17:19,Student 38 departs at booth 3,2
2,17:19,Student 96 departs at booth 13,0
2,17:19,Student 26 departs at booth 20,0
2,17:19,Student 96 arrives at booth 14,1
2,17:20,Student 26 departs Art Fair,NA
2,17:20,Student 60 arrives Art Fair,NA
2,17:20,Student 84 arrives at booth 14,1
2,17:20,Student 98 departs at booth 6,1
2,17:20,Student 96 departs at booth 14,1
2,17:21,Student 94 arrives at booth 8,1
2,17:21,Student 65 departs at booth 3,1
2,17:21,Student 84 departs at booth 14,0
2,17:21,Student 14 departs at booth 19,0
2,17:21,Student 65 arrives at booth 4,1
2,17:22,Student 14 departs Art Fair,NA
2,17:22,Student 60 arrives at booth 3,1
2,17:22,Student 96 arrives at booth 18,1
2,17:23,Student 38 arrives at booth 12,1
2,17:23,Student 99 departs at booth 3,1
2,17:24,Student 98 arrives at booth 13,1
2,17:24,Student 40 departs at booth 15,0
2,17:24,Student 96 departs at booth 18,0
2,17:25,Student 40 arrives at booth 17,1
2,17:25,Student 84 departs Art Fair,NA
2,17:25,Student 18 departs at booth 2,2
2,17:25,Student 60 departs at booth 3,0
2,17:25,Student 75 departs at booth 6,0
2,17:25,Student 94 departs at booth 8,0
2,17:26,Student 96 departs Art Fair,NA
2,17:26,Student 99 arrives at booth 10,1
2,17:26,Student 70 departs at booth 7,0
2,17:26,Student 70 arrives at booth 8,1
2,17:27,Student 98 departs at booth 13,0
2,17:28,Student 18 arrives at booth 8,1
2,17:28,Student 60 arrives at booth 10,1
2,17:28,Student 94 arrives at booth 13,1
2,17:28,Student 99 departs at booth 10,1
2,17:28,Student 40 departs at booth 17,0
2,17:28,Student 40 arrives at booth 18,1
2,17:29,Student 98 arrives at booth 18,1
2,17:30,Student 70 departs at booth 8,1
2,17:30,Student 60 departs at booth 10,0
2,17:30,Student 38 departs at booth 12,0
2,17:30,Student 40 departs at booth 18,1
2,17:31,Student 70 arrives at booth 10,1
2,17:31,Student 75 arrives at booth 17,1
2,17:31,Student 65 departs at booth 4,0
2,17:31,Student 94 departs at booth 13,0
2,17:31,Student 94 arrives at booth 14,1
2,17:32,Student 40 departs Art Fair,NA
2,17:32,Student 94 departs at booth 14,0
2,17:32,Student 98 departs at booth 18,0
2,17:33,Student 38 arrives at booth 17,1
2,17:33,Student 65 arrives at booth 8,1
2,17:33,Student 94 arrives at booth 15,1
2,17:33,Student 99 departs Art Fair,NA
2,17:33,Student 70 departs at booth 10,0
2,17:34,Student 60 arrives at booth 17,2
2,17:34,Student 70 arrives at booth 12,1
2,17:34,Student 98 departs Art Fair,NA
2,17:34,Student 18 departs at booth 8,1
2,17:34,Student 75 departs at booth 17,2
2,17:35,Student 18 arrives at booth 9,1
2,17:35,Student 88 departs at booth 2,1
2,17:36,Student 75 departs Art Fair,NA
2,17:36,Student 88 arrives at booth 3,1
2,17:37,Student 18 departs at booth 9,0
2,17:37,Student 38 departs at booth 17,1
2,17:38,Student 88 departs at booth 3,0
2,17:38,Student 65 departs at booth 8,0
2,17:39,Student 38 departs Art Fair,NA
2,17:39,Student 88 arrives at booth 6,1
2,17:40,Student 60 departs at booth 17,0
2,17:41,Student 18 arrives at booth 17,1
2,17:41,Student 70 departs at booth 12,0
2,17:42,Student 60 departs Art Fair,NA
2,17:43,Student 65 arrives at booth 17,1
2,17:43,Student 94 departs at booth 15,0
2,17:44,Student 88 departs at booth 6,0
2,17:44,Student 18 departs at booth 17,1
2,17:45,Student 70 arrives at booth 19,1
2,17:45,Student 27 departs at booth 2,0
2,17:46,Student 18 departs Art Fair,NA
2,17:46,Student 27 arrives at booth 3,1
2,17:46,Student 88 arrives at booth 9,1
2,17:46,Student 94 departs Art Fair,NA
2,17:47,Student 65 departs at booth 17,0
2,17:48,Student 27 departs at booth 3,0
2,17:48,Student 88 departs at booth 9,0
2,17:49,Student 27 arrives at booth 5,1
2,17:49,Student 65 departs Art Fair,NA
2,17:50,Student 70 departs at booth 19,0
2,17:51,Student 70 departs Art Fair,NA
2,17:53,Student 88 arrives at booth 20,1
2,17:53,Student 27 departs at booth 5,0
2,17:56,Student 27 arrives at booth 12,1
2,17:58,Student 88 departs at booth 20,0
2,17:59,Student 88 departs Art Fair,NA
2,18:03,Student 27 departs at booth 12,0
2,18:06,Student 27 arrives at booth 17,1
2,18:09,Student 27 departs at booth 17,0
2,18:11,Student 27 departs Art Fair,NA
